name,code,district,province
Chisvo Clinic,ZW030634,Mudzi,Mashonaland East
Chitora Clinic,ZW010519,Mutare,Manicaland
Chitombo Clinic,ZW010625,Mutasa,Manicaland
Chitave Clinic,ZW070216,Gokwe South,Midlands Province
Chitasa Clinic,ZW080125,Bikita,Masvingo
Chitapo Clinic,ZWdummy12,Gokwe South,Midlands Province
Chitando Rural Health Centre,ZW080408,Gutu,Masvingo
Chitakatira Clinic,ZW010529,Mutare,Manicaland
Chitaka Clinic,ZW010534,Mutare,Manicaland
Chisuma Rural Health Centre,ZW050301,Hwange,Matabeleland North
Chisuma Clinic,ZW010339,Chipinge,Manicaland
Chishingwi Clinic,ZW010543,Mutare,Manicaland
Chishawasha Mission,ZWdummy11,Goromonzi,Mashonaland East
Chishapa Clinic,ZW020703,Shamva,Mashonaland Central
Chirundu Rural Health Centre,ZW040201,Hurungwe,Mashonaland West
Chirozva Clinic,ZW010129,Buhera,Manicaland
Chirorwe Rural Health Centre,ZW080101,Bikita,Masvingo
Chironde Rural Health Centre,ZW070602,Shurugwi,Midlands Province
Chirogwe Clinic,ZWdummy10,Chivi,Masvingo
Chirikiti RDC Clinic,ZW040326,Sanyati,Mashonaland West
Chiriga Clinic,ZW010346,Chipinge,Manicaland
Chiredzi ZRP Camp Clinic,ZW080218,Chiredzi,Masvingo
Chiredzi ZPS Clinic,ZW080217,Chiredzi,Masvingo
Chiredzi NRZ Clinic,ZW080285,Chiredzi,Masvingo
Chiredzi General Hospital,ZW08020A,Chiredzi,Masvingo
Chiredzana Clinic,ZW080729,Zaka,Masvingo
Chirau RDC Clinic,ZW040626,Zvimba,Mashonaland West
Chipoli Clinic,ZWdummy09,Shamva,Mashonaland Central
Chipiwa Clinic,ZW080226,Chiredzi,Masvingo
Chipinge ZRP Camp Clinic,ZW010317,Chipinge,Manicaland
Chipinge ZPS Clinic,ZW010318,Chipinge,Manicaland
Chipinda Rural Health Centre,ZW080701,Zaka,Masvingo
Chipfunde Clinic,ZW030327,Uzumba Maramba Pfungwe,Mashonaland East
Chipfatsura Rural Health Centre,ZW010527,Mutare,Manicaland
Chipendeke Clinic,ZW010544,Mutare,Manicaland
Chipangayi Clinic,ZW010345,Chipinge,Manicaland
Chiota Rural Hospital,ZW03050B,Marondera,Mashonaland East
Chinyudze Rural Health Centre,ZW010406,Makoni,Manicaland
Chinyika Rural Hospital,ZW08040D,Gutu,Masvingo
Chinyika 2 Rural Health Centre,ZW010405,Makoni,Manicaland
Chinyika 1 Rural Health Centre,ZW010404,Makoni,Manicaland
Chinyani Clinic,ZW020208,Centenary,Mashonaland Central
Chinyadza Clinic,ZW010445,Makoni,Manicaland
Chinyabako Clinic,ZW080727,Zaka,Masvingo
Chinotimba Clinic,ZW050362,Hwange,Matabeleland North
Chinhoyi ZRP Camp Clinic,ZW040502,Makonde,Mashonaland West
Chinhoyi ZPS Clinic,ZW040501,Makonde,Mashonaland West
Chinhoyi University Clinic,ZW040503,Makonde,Mashonaland West
Chinhere Clinic,ZW040225,Hurungwe,Mashonaland West
Chinhenga Rural Health Centre,ZW010403,Makoni,Manicaland
Chingondo RDC Clinic,ZW040318,Mhondoro,Mashonaland West
Chingele Clinic,ZW080292,Chiredzi,Masvingo
Chinengundu Clinic,ZW040162,Chegutu,Mashonaland West
Chinego Rural Health Centre,ZW050108,Binga,Matabeleland North
Chinamasa Clinic,ZWdummy07,Gweru,Midlands Province
Chimombe Rural Hospital,ZW08040B,Gutu,Masvingo
Chimbudzi Clinic,ZW010117,Buhera,Manicaland
Chimanimani RDC Clinic,ZW040586,Makonde,Mashonaland West
Chilonga Rural Health Centre,ZW080202,Chiredzi,Masvingo
Chilimanzi Rural Hospital,ZW07010B,Chirumhanzu,Midlands Province
Chikwingwizha Mission Hospital,ZW07030C,Gweru,Midlands Province
Chikwariro Clinic,ZW010591,Mutare,Manicaland
Chikwalakwala Rural Health Centre,ZW060101,Beitbridge,Matabeleland South
Chikwakwa Clinic,ZW010227,Chimanimani,Manicaland
Chikukwa Rural Health Centre,ZW010204,Chimanimani,Manicaland
Chikuku Rural Hospital,ZW08010B,Bikita,Masvingo
Chikore Clinic,ZW010426,Makoni,Manicaland
Chikombedzi Mission Hospital,ZW08020B,Chiredzi,Masvingo
Chikobvore Rural Health Centre,ZW010402,Makoni,Manicaland
Chikato Rural Health Centre,ZW070601,Shurugwi,Midlands Province
Chikara Clinic,ZW040125,Chegutu,Mashonaland West
Chihuri Clinic,ZW020727,Shamva,Mashonaland Central
Chigwikwi Rural Health Centre,ZW080302,Chivi,Masvingo
Vuranda Clinic,ZW080325,Chivi,Masvingo
Chiduku Clinic,ZW010425,Makoni,Manicaland
Chidikamwedzi Clinic,ZW020207,Centenary,Mashonaland Central
Chichichi Clinic,ZW010338,Chipinge,Manicaland
Chibvedziva Clinic,ZW080225,Chiredzi,Masvingo
Chibondo Clinic,ZW050359,Hwange,Matabeleland North
Chibara Clinic,ZW040208,Hurungwe,Mashonaland West
Cheziya Clinic,ZW070213,Gokwe South,Midlands Province
Cheshuro Clinic,ZW080425,Gutu,Masvingo
Chepiri Clinic,ZW080436,Gutu,Masvingo
Chengwena Clinic,ZW070125,Chirumhanzu,Midlands Province
Chemahororo Clinic,ZW070225,Gokwe South,Midlands Province
Chayamiti Rural Health Centre,ZW010203,Chimanimani,Manicaland
Chawatama Rural Health Centre,ZW010139,Buhera,Manicaland
Chavhanga Clinic,ZW010601,Mutasa,Manicaland
Chatindo Clinic,ZW010725,Nyanga,Manicaland
Chatikobo Clinic,ZW080526,Masvingo,Masvingo
Chaswingo Clinic,ZW060125,Beitbridge,Matabeleland South
Charumbira Clinic,ZW080525,Masvingo,Masvingo
Charter Estate Clinic,ZW010261,Chimanimani,Manicaland
Chapwanya Clinic,ZW010128,Buhera,Manicaland
Chapanduka Clinic,ZW010127,Buhera,Manicaland
Changazi Rural Health Centre,ZW010202,Chimanimani,Manicaland
Chamnangana Clinic,ZW060177,Beitbridge,Matabeleland South
Chakohwa Clinic,ZW010226,Chimanimani,Manicaland
Chakari Clinic,ZW040389,Sanyati,Mashonaland West
Chadereka Rural Health Centre,ZW020285,Centenary,Mashonaland Central
Chabwira Clinic,ZW070526,Mberengwa,Midlands Province
Chabata Clinic,ZW010126,Buhera,Manicaland
Central Estates Clinic,ZW070186,Chirumhanzu,Midlands Province
Bwizi Rural Health Centre,ZW010501,Mutare,Manicaland
Bvukururu Clinic,ZW080726,Zaka,Masvingo
Buvuma Clinic,ZW060325,Gwanda,Matabeleland South
Bushu Clinic,ZW020725,Shamva,Mashonaland Central
Burma Valley Clinic,ZW010545,Mutare,Manicaland
Bungwe Clinic,ZW020625,Rushinga,Mashonaland Central
Bumba Rural Health Centre,ZW010201,Chimanimani,Manicaland
Bulawayo ZPS Clinic,ZWdummy04,Umguza,Matabeleland North
Buchwa Camp Clinic,ZW070579,Mberengwa,Midlands Province
Brunswick Clinic,ZW040180,Chegutu,Mashonaland West
Breaside FHS Clinic,ZW000A08,Harare Central South Eastern,Harare
Brady ZNA Clinic,ZW050710,Umguza,Matabeleland North
Boterere Clinic,ZW080631,Mwenezi,Masvingo
Bota Clinic,ZW080725,Zaka,Masvingo
Borrowdale PC Clinic,ZWdummy03,Northern,Harare
Bondolfi Clinic,ZW080591,Masvingo,Masvingo
Bonda Clinic,ZW070525,Mberengwa,Midlands Province
Blackmovale Clinic,ZW040320,Sanyati,Mashonaland West
Biriiri Rural Hospital,ZW01020A,Chimanimani,Manicaland
Binga ZPS Clinic,ZW050197,Binga,Matabeleland North
Binga Hospital,ZW05010A,Binga,Matabeleland North
Bindura ZPS Clinic,ZW020103,Bindura,Mashonaland Central
Bikita Rural Hospital,ZW08010A,Bikita,Masvingo
Bikita Minerals Clinic,ZW080176,Bikita,Masvingo
Bhubhudhe Clinic,ZW050625,Tsholotsho,Matabeleland North
Bezu Clinic,ZW060234,Bulilima,Matabeleland South
Bezely Bridge Clinic,ZW010526,Mutare,Manicaland
Bevking Clinic,ZWdummy02,Zvimba,Mashonaland West
Beula-seula Rural Health Centre,ZW060504,Matobo,Matabeleland South
Betera Rural Health Centre,ZW010102,Buhera,Manicaland
Berenyazvizvi Clinic,ZW010101,Buhera,Manicaland
Berejena Mission Hospital,ZW08030C,Chivi,Masvingo
Bere Clinic,ZW080530,Masvingo,Masvingo
Bemba Clinic,ZW050699,Tsholotsho,Matabeleland North
Belvedere Clinic,ZW000A05,North Western,Harare
BeitBridge ZRP Camp Clinic,ZW060108,Beitbridge,Matabeleland South
BeitBridge ZPS Clinic,ZW060105,Beitbridge,Matabeleland South
BeitBridge NRZ Clinic,ZW060181,Beitbridge,Matabeleland South
Beitbridge District Hospital,ZW06010A,Beitbridge,Matabeleland South
Beersheba Mission Clinic,ZW040186,Chegutu,Mashonaland West
Bazha Clinic,ZW060592,Matobo,Matabeleland South
Battlefields ZNA Camp Clinic,ZW04030E,Mhondoro,Mashonaland West
Batsiranai Nursing Home,ZW040185,Chegutu,Mashonaland West
Bangure Clinic,ZW010125,Buhera,Manicaland
Bango Rural Health Centre,ZW060709,Mangwe,Matabeleland South
Banga Clinic,ZW070625,Shurugwi,Midlands Province
Bamba Rural Health Centre,ZW010401,Makoni,Manicaland
Balanda Clinic,ZW050227,Bubi,Matabeleland North
Bakorenhema Clinic,ZW010525,Mutare,Manicaland
Ayshire RDC Clinic,ZW040642,Zvimba,Mashonaland West
Avoca Rural Hospital,ZW06040C,Insiza,Matabeleland South
Avilla Mission Hospital,ZW01070B,Nyanga,Manicaland
Aryshire Mine Clinic,ZW040686,Zvimba,Mashonaland West
Arnoldine Mission Clinic,ZW010492,Makoni,Manicaland
ARDA Transau Clinic,ZW010524,Mutare,Manicaland
Arda Sisi RDC Clinic,ZW040641,Zvimba,Mashonaland West
Arda Rusitu Clinic,ZW010251,Chimanimani,Manicaland
ARDA Middle Sabi,ZW010365,Chipinge,Manicaland
ARDA Chisumbanje Clinic,ZW010361,Chipinge,Manicaland
Angwa Clinic,ZW020821,Mbire,Mashonaland Central
Amaveni Clinic,ZW070461,Kwekwe,Midlands Province
Alvord Rural Health Centre,ZW080501,Masvingo,Masvingo
Alaska Munic Clinic,ZW040575,Makonde,Mashonaland West
Al Davies Clinic,ZW070486,Kwekwe,Midlands Province
Tasunungurwa,zw040141,Chegutu,Mashonaland West
MASVINGO ZRP CAMP CLINIC,ZW08,Masvingo,Masvingo
ST PADRE CLINIC,ZW040188,Chegutu,Mashonaland West
Aids Health Care Foundation,Nmrl240718,Harare,Harare
Mutasa Clinic - Mt Darwin,ZW020508,Mt darwin,Mashonaland Central
St Pius Clinic,ZW030625,Mudzi,Mashonaland East
Tanganda Rural Health Centre,ZW010314,Chipinge,Manicaland
Mposi Clinic,ZW070539,Mberengwa,Midlands Province
Jekwa Rural Health Centre,ZW030703,Murewa,Mashonaland East
Zvishavane ZRP Camp Clinic,ZW070785,Zvishavane,Midlands Province
Zvishavane ZPS Clinic,ZW070780,Zvishavane,Midlands Province
Zvishavane Medical Centre,ZW070778,Zvishavane,Midlands Province
Zvishavane District Hospital,ZW07070A,Zvishavane,Midlands
Zvipiripiri Rural Health Centre,ZW010513,Mutare,Manicaland
Zvipani Rural Health Centre,ZW040206,Hurungwe,Mashonaland West
Zvavahera Rural Health Centre,ZW080409,Gutu,Masvingo
Zvarota Rural Health Centre,ZW070608,Shurugwi,Midlands Province
Zvamahande CLINIC,ZW080543,Masvingo,Masvingo
Zvamabande Rural Hospital,ZW07060B,Shurugwi,Midlands Province
Zumbare Clinic,ZW010540,Mutare,Manicaland
Zumbara Rural Health Centre,ZW040508,Makonde,Mashonaland West
Zumba,ZWdummy85,Gokwe North,Midlands Province
ZRP Chitungwiza Camp Clinic,ZWdummy84,Chitungwiza Urban,Harare
ZPS Clinic,ZW030106,Chikomba,Mashonaland East
ZPCS Kariba Satelite Prison Cliic,ZWdummy83,Kariba,Mashonaland West
Zowa RDCClinic,ZW040649,Zvimba,Mashonaland West
Zongoro Clinic,ZW010643,Mutasa,Manicaland
Zona Clinic,ZW010372,Chipinge,Manicaland
ZNA Para Regiment Hospital,ZWdummy82,Zvimba,Mashonaland West
Zivuku Clinic,ZW080324,Chivi,Masvingo
ZIPAM Clinic,ZW040687,Zvimba,Mashonaland West
Zinyangeni Clinic,ZW050529,Nkayi,Matabeleland North
Zinhata Clinic,ZW080432,Gutu,Masvingo
Zindi Rural Health Centre,ZW010635,Mutasa,Manicaland
Zimuto Mission Clinic,ZW080593,Masvingo,Masvingo
Zimuto BC Clinic,ZW080534,Masvingo,Masvingo
Zimunya Clinic,ZW010539,Mutare,Manicaland
Zimplats Ngezi Mine Clinic,ZW040323,Mhondoro,Mashonaland West
Zimcan Clinic,ZW060382,Gwanda,Matabeleland South
Zimbabwe Sugar Association Clinic,ZW080284,Chiredzi,Masvingo
ZIMASCO Clinic,ZW070151,Chirumhanzu,Midlands Province
Zibwowa Rural Health Centre,ZW080705,Zaka,Masvingo
Zibagwe  Clinic,ZWdummy81,Kwekwe,Midlands Province
Zhulube Clinic,ZW060426,Insiza,Matabeleland South
Zhombe Mission Hospital,ZW07040C,Kwekwe,Midlands Province
Zhaugwe Rural Health Centre,ZWdummy80,Shurugwi,Midlands Province
Zhamba Clinic,ZW070212,Gokwe South,Midlands Province
Zezani Clinic,ZW060131,Beitbridge,Matabeleland South
Zenka Rural Health Centre,ZW050506,Nkayi,Matabeleland North
Zengeza Clinic,ZW000B04,Chitungwiza Urban,Harare
Zebra Downs Clinic,ZW040207,Hurungwe,Mashonaland West
Zano Clinic,ZW080536,Masvingo,Masvingo
Zangama Rural Health Centre,ZW010106,Buhera,Manicaland
Zamuchia Clinic,ZW010337,Chipinge,Manicaland
HERBERT CHITEPO,ZW040694,Zvimba,Mashonaland West
NETA CLINIC,ZW07060D,Mberengwa,Midlands
Sandringham Clinic (Mazowe),NMRL2020009,Mazowe,Mashonaland Central
Zvimba Rural Hospital,ZW04060G,Zvimba,Mashonaland West
Dete Clinic,ZW040296,Hurungwe,Mashonaland West
BUMBE ,ZW040504,Mhondoro,Mashonaland West
TOKWE IV RURAL HEALTH CENTRE,DUMMY,Chirumhanzu,Midlands
Fanham Clinic,nmrl00000001,Chegutu,Mashonaland West
Mukamba Clinic,ZW030427,Hwedza,Mashonaland East
Waterfalls Clinic,ZW000A41,Southern,Harare
Rujeko Polyclinic,ZW000A33,North Western,Harare
Buhera Rural Hospital,ZW01010A,Buhera,Manicaland
Shinja Clinic,ZW010232,Chimanimani,Manicaland
Muriel Mine Clinic,ZW040676,Zvimba,Mashonaland West
Hurungwe Rural Hospital,ZW04020B,Hurungwe,Mashonaland West
Charehwa Clinic,ZW030825,Mutoko,Mashonaland East
Christon Bank Clinic,ZW020430,Mazowe,Mashonaland Central
Mary Mount Mission Hospital,ZW02060B,Rushinga,Mashonaland Central
Dombotombo Clinic,ZW030561,Marondera,Mashonaland East
Marondera Rural District Council Clinic,ZW030528,Marondera,Mashonaland East
ZIPAM,NMRL08052020,Zvimba,Mashonaland West
Zhakata Rural Health Centre,ZW030902,Seke,Mashonaland East
Nketa Clinic,ZW090A17,Nkulumane,Bulawayo
Mushipe Clinic,ZW030131,Chikomba,Mashonaland East
Rubatsiro Clinic,ZW070298,Gokwe North,Midlands Province
Burure Clinic,zw070284,Gokwe north,Midlands
Rusununguko Clinic,ZW020161,Bindura,Mashonaland Central
Chimanimani Rural District Hospital,ZW01020E,Chimanimani,Manicaland
Neshuro District Hospital,ZW08060A,Mwenezi,Masvingo
Ndanga District Hospital,ZW08070A,Zaka,Masvingo
Silveira Mission Hospital,ZW08010D,Bikita,Masvingo
Chikurubi Farm Clinic ,CHIK001,Harare,Harare
Melfort Clinic,ZW030274,Goromonzi,Mashonaland East
Adura Clinic,ZW020408,Mazowe,Mashonaland Central
Kadenge Rural Health Centre,ZW030704,Murewa,Mashonaland East
Maramba Clinic,ZW030331,Uzumba Maramba Pfungwe,Mashonaland East
Takunda Rural Health Centre,ZW020185,Bindura,Mashonaland Central
Sengezi Rural Health Centre,ZW030405,Hwedza,Mashonaland East
Muzarabani Rural Health Centre,ZW020204,Centenary,Mashonaland Central
Guruve District Hospital,GUR001,Guruve,Mashonaland Central
Mazowe Secondary Clinic,ZW020486,Mazowe,Mashonaland Central
Chiedza Clinic,ZW070540,Mberengwa,Midlands Province
Birkdale Clinic,ZW020344,Guruve,Mashonaland Central
Marembera Rural Health Centre,ZW030304,Uzumba Maramba Pfungwe,Mashonaland East
Negovani Clinic,ZW080130,Bikita,Masvingo
Jonasi Clinic,ZW030922,Seke,Mashonaland East
Dindi Clinic,ZW030391,Uzumba Maramba Pfungwe,Mashonaland East
Bare Clinic,ZW020425,Mazowe,Mashonaland Central
Kamutsenzere Rural Health Centre,ZW020502,Mount Darwin,Mashonaland Central
Nyakudya Rural Health Centre,ZW020402,Mazowe,Mashonaland Central
Nyakasoro Clinic,ZW030334,Uzumba Maramba Pfungwe,Mashonaland East
Macheke Clinic,ZW030745,Murewa,Mashonaland East
Mazowe Citrus Clinic,ZW02040D,Mazowe,Mashonaland Central
Von Abo Clinic,ZW020411,Mazowe,Mashonaland Central
Dewe Council Clinic,ZW030338,Uzumba Maramba Pfungwe,Mashonaland East
Bosha Rural Health Centre,ZW030201,Goromonzi,Mashonaland East
Mupandira Rural Health Centre,ZW020184,Bindura,Mashonaland Central
Murewa Polyclinic,ZW030722,Murewa,Mashonaland East
Goromonzi Clinic,ZWdummy19,Mudzi,Mashonaland East
Bveke Clinic,ZW020529,Mount Darwin,Mashonaland Central
Kotwa Clinic,ZW030627,Mudzi,Mashonaland East
Chimanimani Rural District Hospital,ZW01020E,Chimanimani,Manicaland
Chimbwanda Rural Health Centre,ZW030502,Marondera,Mashonaland East
Marirangwe Clinic,ZW030924,Seke,Mashonaland East
Sakubva Health Centre,ZW010564,Mu,Manicaland
Sanyati Mission Hospital,ZW04030C,Sanyati,Mashonaland West
Masikandoro Clinic,ZW030228,Goromonzi,Mashonaland East
Shambamuto Rural Health Centre,ZW030729,Murewa,Mashonaland East
Makope Clinic,ZW020428,Mazowe,Mashonaland Central
Harava Rural Health Centre,ZW080702,Zaka,Masvingo
Chindenga Clinic,ZW030891,Mutoko,Mashonaland East
Mabvuku Poly Clinic,ZW000A23,Eastern,Harare
Nhakiwa Clinic,ZW030333,Uzumba Maramba Pfungwe,Mashonaland East
Chitsungo Clinic,ZW030329,Uzumba Maramba Pfungwe,Mashonaland East
Jingamvura Clinic,ZW020427,Mazowe,Mashonaland Central
Henderson Clinic,ZW020475,Mazowe,Mashonaland Central
Davaar Clinic,ZW020410,Mazowe,Mashonaland Central
Forrester Clinic,ZW020485,Mazowe,Mashonaland Central
Hoyuyu II Rural Health Centre,ZW030802,Mutoko,Mashonaland East
Hoyuyu I Rural Health Centre,ZW030801,Mutoko,Mashonaland East
Nyamuzuwe Rural Hospital,ZW03080B,Mutoko,Mashonaland East
Camsasa Clinic,ZW020347,Guruve,Mashonaland Central
Kushinga Rural Health Centre,ZW030809,Mutoko,Mashonaland East
Chundu Clinic,ZW040226,Hurungwe,Mashonaland West
Negomo Rural Health Centre,ZW020305,Guruve,Mashonaland Central
Muchinjike Rural Health Centre,ZW030750,Murewa,Mashonaland East
Kafura Rural Health Centre,ZW030301,Uzumba Maramba Pfungwe,Mashonaland East
Madamombe Rural Health Centre (Murewa),ZW030705,Murewa,Mashonaland East
Dambo Clinic,ZW020484,Mazowe,Mashonaland Central
Mudzimuremwa Clinic,MUC001,Marondera,Mashonaland East
Marondera Provincial Hospital,ZW03050A,Marondera,Mashonaland East
Sakubva District Hospital,ZW01050C,Mutare,Manicaland
Morgenster Mission Hospital,ZW08050D,Masvingo,Masvingo
Suoguru Clinic,Zw020488,Mazowe,Mashonaland Central
Hopley Clinic,ZW000A53,Southern,Harare
Mugarakamwe Clinic,ZW020345,Guruve,Mashonaland Central
Shumba Clinic(Chikomba),ZW030135,Chikomba,Mashonaland East
Unyetu Clinic,ZW030136,Chikomba,Mashonaland East
Munamba Rural Health Centre,ZW030706,Murewa,Mashonaland East
Gandami Clinic,ZW030146,Chikomba,Mashonaland East
CHAKONDA,ZW002072,Shamva,Mashonaland Central
Jena Mines Clinic,ZW070477,Kwekwe,Midlands Province
Gota Clinic,ZW020334,Guruve,Mashonaland Central
Murambinda Mission Hospital,ZW01010C,Buhera,Manicaland
Bakasa Clinic,ZW020326,Guruve,Mashonaland Central
Shumba Clinic,ZW080533,Masvingo,Masvingo
Makosa Rural Hospital,ZW03080C,Mutoko,Mashonaland East
Jackson Clinic,Dummy05,Kwekwe,Midlands
Mvuma District Hospital,ZW07010A,Chirumhanzu,Midlands
Kariba Hospital,ZW04040A,Kariba,Mashonaland West
Beitbridge Wellness,06010a,Beitbridge,Matabeleland South
Mtetengwe,Mtetengwe,Beitbridge,Matabeleland South
Rufaro Clinic,Nmrl040689,Sanyati,Mashonaland West
Farnham Clinic,ZW040110,Chegutu,Mashonaland West
mbuyanehanda,zwmbuya,Chegutu,Mashonaland West
Maphisa District Hospital,ZW06050A,Matobo,Matabeleland South
Doroguru Clinic,Doro,Chirumhanzu,Midlands
Denhere Rural Health Centre,70102,Chirumhanzu,Midlands
Rimuka Clinic,ZW040361,Sanyati,Mashonaland West
Makuti Clinic,ZWdummy37,Hurungwe,Mashonaland West
Chinhoyi Municipal Council Clinic,ZW040561,Makonde,Mashonaland West
Chinyamukwakwa Rural Health Centre,ZW010303,Chipinge,Manicaland
Chemukute Clinic,ZW040316,Sanyati,Mashonaland West
Mafindifindi Clinic,ZW040384,Mhondoro,Mashonaland West
St Therese's Mission Hospital,ZW01040F,Makoni,Manicaland
Arcadia PC Clinic,ZW000A02,Harare Central South Eastern,Harare
Ruwa Rehab,ZW03020C,Goromonzi,Mashonaland East
Chawarura Rural Health Centre,ZW020201,Centenary,Mashonaland Central
Manyika Clinic,ZW030330,Uzumba Maramba Pfungwe,Mashonaland East
Chipinge Town Clinic,ZW010349,Chipinge,Manicaland
Chimbudzi Rural Health Centre,ZW080601,Mwenezi,Masvingo
Parirenyatwa Satelite Clinic,ZWdummy62,Harare Central South Eastern,Harare
Mt Pleasant Clinic,ZW000A28,Northern,Harare
Bonda Mission Hospital,ZW01060B,Mutasa,Manicaland
Habane Clinic,ZW060626,Umzingwane,Matabeleland South
Darwendale Rural Hosptal,ZW04060C,Zvimba,Mashonaland West
Munyanyi Clinic,ZW010119,Buhera,Manicaland
Dzivaresekwa gvt Clinic,ZW040680,Zvimba,Mashonaland West
Mubvurungwa Clinic,ZW010441,Makoni,Manicaland
Sally Mugabe Hospital (Harare Central Hospital),HRE002,Harare,Harare
Banket Hospital,ZWdummy01,Zvimba,Mashonaland West
Chikonohono Municipal Clinic,ZW040562,Makonde,Mashonaland West
Wlikins Infectious Diseases Hospital,ZW000A0D,Harare,Harare
St Michaels Mission Hospital (Mhondoro),ZW04030D,Mhondoro,Mashonaland West
Dinde Clinic,ZW050327,Hwange,Matabeleland North
Ngezi (mhondoro) Rural Hospital,ZW04030B,Mhondoro,Mashonaland West
Chipadze Clinic,ZW020162,Bindura,Mashonaland Central
Warren Park polyclinic,ZW000A39,Western,Harare
Caledonia Clinic,ZWdummy06,Eastern,Harare
Epworth Mission Clinic,ZW030990,Seke,Mashonaland East
Luisa Guidotti Mission Hospital,ZW03080E,Mutoko,Mashonaland East
St Joseph's Mission Hospital,ZW06050E,Matobo,Matabeleland South
Birchenough Bridge Hospital,ZW01010B,Buhera,Manicaland
Rutsanana Polyclinic,ZW000A34,South Western,Harare
Chinhoyi Provincial Hospital,ZW04050A,Makonde,Mashonaland West
Gaza Clinic,ZW010347,Chipinge,Manicaland
Mutare Provincial Hospital,ZW01050A,Mutare,Manicaland
Mt Selinda Hospital,ZW01030C,Chipinge,Manicaland
Karoi District Hospital,ZW04020A,Hurungwe,Mashonaland West
Glen View Satellite Clinic,ZW000A14,West South West,Harare
Mt Hampden Clinic,mth001,Zvimba,Mashonaland West
Concession District Hospital,ZW02040A,Mazowe,Mashonaland Central
Kambuzuma Polyclinic,ZW000A19,Western,Harare
Makonde Christ Hosp,ZW04050D,Makonde,Mashonaland West
Mahusekwa District Hospital,ZWdummy35,Marondera,Mashonaland East
Tongogara Refuge Camp Clinic,ZW010315,Chipinge,Manicaland
Norton Hospital,ZW04010C,Chegutu,Mashonaland West
Farm Health Scheme Clinic,ZW020177,Bindura,Mashonaland Central
Chikore Mission Hospital,ZW01030B,Chipinge,Manicaland
Hauna District Hospital,ZW01060F,Mutasa,Manicaland
Mashambanzou ,MAS001,Harare,Harare
Matsika Clinic,ZW010430,Makoni,Manicaland
Western Triangle Clinic,ZW000A42,South Western,Harare
Marange Rural Hospital,ZW01050E,Mutare,Manicaland
Nyanga District Hospital,ZW01070A,Nyanga,Manicaland
Mutandahwe Clinic,ZW010332,Chipinge,Manicaland
Donza Rural Health Centre,ZW070402,Kwekwe,Midlands Province
Mbare Hostels Clinic,ZW000A26,Southern,Harare
Tariro Clinic,000a53,Harare,Harare
Matope RHC,ZW020532,Mt darwin,Mashonaland Central
NDYARIMA RHC,NMRL29082020,Buhera,Manicaland
CHITORA,ZW070709,Shurugwi,Midlands
Chidodo Clinic,ZW020841,Guruve,Mashonaland Central
Makumbe District Hospital,ZW03020A,Goromonzi,Mashonaland East
Murehwa District Hospital,ZW03070A,Murewa,Mashonaland East
Mutawatawa District Hospital,ZW03030A,Ump,Mashonaland East
Mutoko District Hospital,ZW03080A,Mutoko,Mashonaland East
Nyaradza Clinic,70333,Gokwe south,Midlands
Makumbe District Hospital,ZW03020A,Goromonzi,Mashonaland East
MURONGWE CLINIC,NMRL14052021,Mt darwin,Mashonaland Central
Sally Mugabe Hospital (Harare Central Hospital),HRE002,Harare,Harare
Tongwe Clinic,ZW060130,Beitbridge,Matabeleland South
Nyamhunga clinic,ZW00361,Kariba,Mashonaland West
Pres Gd Fld Amb Coy,NMRL2020005,Harare,Harare
sister in charge,HRE001,Harare,Harare
Hurungwe ZRP Camp Clinic,ZW040298,Hurungwe,Mashonaland West
Chegutu Rural District Council Clinic,ZW040145,Chegutu,Mashonaland West
Kapotesa Clinic,ZW030626,Mudzi,Mashonaland East
DANDANDA CLINIC,LUPANE-01,Lupane,Matabeleland North
Princess Margaret Rose Clinic,ZW090A12,Northern Suburbs,Bulawayo
HOMBIRO,MUREWA-01,Ump,Mashonaland East
NYAWE CLINIC,GORO-01,Goromonzi,Mashonaland East
Natisa Rural Health Centre,ZW060501,Matobo,Matabeleland South
Umboe RDC Clinic,ZW040548,Makonde,Mashonaland West
Chidembo Clinic,ZW020726,Shamva,Mashonaland Central
Highlands PC Clinic,ZW000A46,Eastern,Harare
Nyamhunga Clinic gokwe south,70837,Gokwe south,Midlands
Nyama Clinic - hurungwe,nmrl12302019,Hurungwe,Mashonaland West
Xanadu Clinic,Nmrl010000,Goromonzi,Mashonaland East
CHIMHANDA DISTRICT HOSPITAL,ZW02060A,Rushinga,Mashonaland Central
Gweru Provincial Hospital,ZW07030A,Gweru,Midlands
Chipararwe Clinic,ZW030529,Marondera,Mashonaland East
Nyembanzvere Clinic,ZW030563,Marondera,Mashonaland East
Nyamahobogo Rural Health Centre,ZW020504,Mount Darwin,Mashonaland Central
Masikana Clinic,ZW030525,Marondera,Mashonaland East
Dotito Rural Health Centre,ZW020501,Mount Darwin,Mashonaland Central
Karanda Mission Hospital,ZW02050B,Mount Darwin,Mashonaland Central
Mutungagore Clinic,ZW020507,Mount Darwin,Mashonaland Central
Borera Clinic,ZW030325,Uzumba Maramba Pfungwe,Mashonaland East
Vurasha Rural Health Centre,ZW070506,Mberengwa,Midlands Province
Gandachibvuva Mission Hospital,ZW03010E,Chikomba,Mashonaland East
Bvumbura Clinic,ZWdummy05,Chikomba,Mashonaland East
Mberengwa District Hospital,ZW07050A,Mberengwa,Midlands
Madamombe Clinic (Chikomba),ZW030127,Chikomba,Mashonaland East
Wazvaramhaka Clinic,ZW030137,Chikomba,Mashonaland East
Masase Mission Hospital,ZW07050C,Mberengwa,Midlands
Gokomere Clinic,ZW030126,Chikomba,Mashonaland East
Munene Mission Hospital,ZW07050D,Mberengwa,Midlands
Guruve Centre Clinic,ZW020308,Guruve,Mashonaland Central
Katanga Utano Clinic,ZW040147,Chegutu,Mashonaland West
Mutoko District Hospital,ZW03080A,Mutoko,Mashonaland East
Father O'Hea Hospital,ZW04060E,Zvimba,Mashonaland West
Ngwerume Rural Health Centre,ZW030732,Murewa,Mashonaland East
Kapondoro Rural Health Centre,ZW030803,Mutoko,Mashonaland East
Charakupa Clinic,ZW030921,Seke,Mashonaland East
Dombo Rural Health Centre,ZW010702,Nyanga,Manicaland
Shamrock Clinic ,ZW040107,Chegutu,Mashonaland West
Martindale Clinic,nmrl0001,Chegutu,Mashonaland West
Musume Mission Hospital,ZW07050E,Mberengwa,Midlands
HORTA CLINIC,ZW020490,Mazowe,Mashonaland Central
Kuwadzana Polyclinic,ZW000A20,Western,Harare
Nyanzou Clinic,ZW030336,Uzumba Maramba Pfungwe,Mashonaland East
Pokoteke Clinic,ZW030133,Chikomba,Mashonaland East
Dombwe Clinic (Chegutu),ZW040146,Chegutu,Mashonaland West
Shinje Rural Health Centre,ZW020307,Guruve,Mashonaland Central
Brandon Clinic,ZW020348,Guruve,Mashonaland Central
Nyamhunga Clinic,ZW070237,Gokwe South,Midlands Province
Dandara Rural Health Centre,ZW030725,Murewa,Mashonaland East
Murehwa District Hospital,ZW03070A,Murewa,Mashonaland East
Kondo Rural Health Centre (Mudzi),ZW030604,Mudzi,Mashonaland East
Nyamutumbu Rural Health Centre,ZW030728,Murewa,Mashonaland East
WILKINS INFECTIOUS HOSPITAL,ZW000AOD,Harare,Harare
Chidamoyo Mission Hospital,ZW04020D,Hurungwe,Mashonaland West
Iron Duke Clinic,ZW020476,Mazowe,Mashonaland Central
Marlborough Satellite Clinic,ZW000A45,North Western,Harare
Kachuta Clinic,ZW020331,Guruve,Mashonaland Central
Kadzere Rural Health Centre,ZW030727,Murewa,Mashonaland East
Chirindi Rural Health Centre,ZW080602,Mwenezi,Masvingo
Mbiru Clinic,ZW030130,Chikomba,Mashonaland East
Mana Pools Clinic,Nmrl2020,Hurungwe,Mashonaland West
Nyoni,Nmrl190319,Kwekwe,Midlands
CUBA CLINIC,ZW04060A,Mhondoro,Mashonaland West
Belgownie Clinic,ZW020445,Mazowe,Mashonaland Central
St Joseph's Clinic (GOROMONZI),ZW030252,Goromonzi,Mashonaland East
Dendera Clinic,ZW030692,Mudzi,Mashonaland East
Mwanza Rural Health Centre,ZW030203,Goromonzi,Mashonaland East
Joan Rankini Clinic,ZW030251,Goromonzi,Mashonaland East
Gejo RaRuby Clinic,ZW030276,Goromonzi,Mashonaland East
Nyahuku Clinic,ZW030693,Mudzi,Mashonaland East
Dimbiti Rural Health Centre,ZW030503,Marondera,Mashonaland East
Dangamvura Clinic,ZW010563,Mu,Manicaland
Mudzimurema Rural Health Centre,ZW030505,Marondera,Mashonaland East
LAKE ALICE,ZW050428,Lupane,Matabeleland North
Madamombe Clinic(Masvingo),ZW080327,Chivi,Masvingo
Tsokodeka Clinic,ZW0300331,Ump,Mashonaland East
Chikangwe clinic,nmrl04020a,Hurungwe,Mashonaland West
Bromley Clinic,ZW030245,Goromonzi,Mashonaland East
Makaha Rural Health Centre,ZW030605,Mudzi,Mashonaland East
Mutambara Mission Hospital,ZW01020C,Chimanimani,Manicaland
Bururu RDC Clinic,ZW040325,Mhondoro,Mashonaland West
Chikondoma Clinic,ZW030812,Mutoko,Mashonaland East
Rusape District Hospital,ZW01040A,Makoni,Manicaland
Zhomba Clinic,ZW070240,Gokwe North,Midlands Province
Simchembu Rural Health Centre,ZW070209,Gokwe North,Midlands Province
Goredema Clinic,ZW070292,Gokwe North,Midlands Province
Chireya Mission Hospital,ZW07020B,Gokwe North,Midlands Province
Chipinge District Hospital,CHIP001,Chipinge,Manicaland
Kadzidirire Rural Health Centre,ZW070202,Gokwe North,Midlands Province
Donje Clinic,ZW020406,Mazowe,Mashonaland Central
Chinyika Clinic,ZW030226,Goromonzi,Mashonaland East
Tsungubvi Clinic,ZW020447,Mazowe,Mashonaland Central
Nzvimbo Clinic,ZW020432,Mazowe,Mashonaland Central
Rosa Rural Hospital,ZW02040B,Mazowe,Mashonaland Central
Holme Eden Clinic,ZW020446,Mazowe,Mashonaland Central
Domboshava Training Centre Clinic,ZW030202,Goromonzi,Mashonaland East
Makarara Clinic,ZW030446,Hwedza,Mashonaland East
Mt St Mary's Hospital,ZW03040B,Hwedza,Mashonaland East
Rusike Clinic,ZW030249,Goromonzi,Mashonaland East
Chikwaka Rural Hospital,ZW03020D,Goromonzi,Mashonaland East
GOTO,ZW030403,Hwedza,Mashonaland East
JOSIAH TUNGAMIRAI / THORNHILL  AFB,NMRL070121,Gweru,Midlands
MBUYA DORCAS HOSPITAL,NMRL30042020,Harare,Harare
Chipfuwamiti RHC,NMRL202020,Makonde,Mashonaland West
Chinehasha Rural Health Centre,ZW020401,Mazowe,Mashonaland Central
Chidembeko Clinic,ZW070527,Mberengwa,Midlands Province
Craiglea Clinic,ZW030730,Murewa,Mashonaland East
Virginia Clinic,ZW030746,Murewa,Mashonaland East
Chitimbe Clinic,ZW030328,Uzumba Maramba Pfungwe,Mashonaland East
Ruwa PolyClinic,ZW030273,Goromonzi,Mashonaland East
Red Cross Clinic-Harare,NMRL20200006,Harare,Harare
Presbyterian Church Clinic (CHEGUTU,Nmrl17062020,Chegutu,Mashonaland West
Nyamapanda Clinic,ZW030629,Mudzi,Mashonaland East
Mavhurazi  Clinic,ZWdummy40,Mudzi,Mashonaland East
Mahuwe Clinic,ZW020833,Mbire,Mashonaland Central
MTORA HOSPITAL,ZW07020D,Gokwe north,Midlands
ZRP Camp Clinic,ZW070215,Gokwe South,Midlands Province
Kotwa District Hospital,ZW03060A,Mudzi,Mashonaland East
Chitate Rural Health Centre,ZW030701,Murewa,Mashonaland East
Kemutamba Clinic,ZW020346,Guruve,Mashonaland Central
Nyawure Clinic,ZW030229,Goromonzi,Mashonaland East
Sally Mugabe Hospital (Harare Central Hospital),HRE002,Harare,Harare
Tavara Clinic,ZW030125,Chikomba,Mashonaland East
Chivhu General Hospital,ZW03010A,Chikomba,Mashonaland East
Muda Clinic,ZW030925,Seke,Mashonaland East
Kowoyo Clinic,ZW030227,Goromonzi,Mashonaland East
Henry John Rheimer Clinic,ZW030247,Goromonzi,Mashonaland East
Chaza Clinic,Nmrl07060D,Mberengwa,Midlands
Mazowe Mine Clinic,ZW020477,Mazowe,Mashonaland Central
Nharira Rural Hospital,ZW03010B,Chikomba,Mashonaland East
Muonwe Rural Health Centre,ZW020102,Bindura,Mashonaland Central
Kariba Hospital,ZW04040A,Kariba,Mashonaland West
Shopo Clinic,ZW020487,Mazowe,Mashonaland Central
Overspill  Clinic,ZWdummy61,Seke,Mashonaland East
Masasa Clinic,ZW030129,Chikomba,Mashonaland East
Chidodo Clinic,ZW020841,Guruve,Mashonaland Central
Wedza Rural Hospital,ZW03040A,Hwedza,Mashonaland East
Acton Reynolds Rural Health Centre,ZW030901,Seke,Mashonaland East
Mvurwi Hospital,ZW02040E,Mazowe,Mashonaland Central
Masomo Clinic,ZW020802,Mbire,Mashonaland Central
Shutu Rural Health Centre,ZW020403,Mazowe,Mashonaland Central
Sadza District Hospital,ZW03010D,Chikomba,Mashonaland East
Pote Clinic,ZW030230,Goromonzi,Mashonaland East
Chitsungo Mission Hospital,ZW02080B,Mbire,Mashonaland Central
Gonono Clinic,ZW020831,Mbire,Mashonaland Central
Mashame Rural Health Centre,ZW070205,Gokwe North,Midlands Province
Masoka Clinic,ZW020801,Mbire,Mashonaland Central
Nyambudzi Clinic,ZW020835,Mbire,Mashonaland Central
Masarakufa Rural Health Centre,ZW030606,Mudzi,Mashonaland East
Chirunya Clinic,ZW020834,Guruve,Mashonaland Central
Chegutu District Hospital,ZW04010A,Chegutu,Mashonaland West
Concession District Hospital,ZW02040A,Mazowe,Mashonaland Central
Sakupwanya Clinic,ZW010640,Mutasa,Manicaland
Mbare Polyclinic,ZW000A27,Harare,Harare
Nyadiri Rural Health Centre,ZW030808,Mutoko,Mashonaland East
Nyamhere Rural Health Centre,ZW030103,Chikomba,Mashonaland East
Chivhu Clinic,ZW030145,Chikomba,Mashonaland East
Arcturus Mine Clinic,ZW030275,Goromonzi,Mashonaland East
Chidye Clinic,ZW030814,Mutoko,Mashonaland East
Lustleigh Council Clinic,ZW030564,Marondera,Mashonaland East
Matedzi Clinic,ZW070530,Mberengwa,Midlands Province
Chingezi Clinic,ZW070528,Mberengwa,Midlands Province
Chikwizo Clinic,ZW030691,Mudzi,Mashonaland East
Nyamukoho Clinic,ZW030631,Mudzi,Mashonaland East
Chiunye Rural Health Centre,ZW030602,Mudzi,Mashonaland East
Suswe Clinic,ZW030633,Mudzi,Mashonaland East
Chimhanda Clinic,ZW020627,Rushinga,Mashonaland Central
St Rupert's Mission Hospital,ZW04050B,Makonde,Mashonaland West
Chitungwiza Central Hospital,ZW000C0C,Chitungwiza,Harare
Nyakapupu Clinic,ZW020339,Guruve,Mashonaland Central
Musumha Rural Health Centre,ZW030107,Chikomba,Mashonaland East
Shamva District Hospital,ZW02070A,Shamva,Mashonaland Central
Highfield Polyclinic,ZW000A18,South Western,Harare
Mutasa Clinic -  Mutare,ZW010631,Mutasa,Manicaland
Chikafa Clinic,ZW020830,Mbire,Mashonaland Central
Chingamuka Clinic,ZWdummy08,Mudzi,Mashonaland East
Howard Mission Hospital,ZW02040C,Mazowe,Mashonaland Central
Kadoma general hospital,ZW04030A,Sanyati,Mashonaland West
Matapi Clinic,ZW000A25,Southern,Harare
Beatrice Road Hospital (BRIDH),ZW000A0C,Harare,Harare
Always Clinic,ZW020209,Centenary,Mashonaland Central
Mukumbura Clinic,ZW020503,Mount Darwin,Mashonaland Central
Chinamhora Clinic,ZW030225,Goromonzi,Mashonaland East
Ruyamuro Clinic,ZW020343,Guruve,Mashonaland Central
Makanyazingwa Clinic,ZW030923,Seke,Mashonaland East
Nhangabwe Clinic,ZW030132,Chikomba,Mashonaland East
Chitepo Clinic,ZW020535,Mount Darwin,Mashonaland Central
Beatrice Rural Hospital,ZW03090A,Seke,Mashonaland East
Pfunyangowu Rural Health Centre,ZW020505,Mount Darwin,Mashonaland Central
Zvamatobwe Rural Health Centre,ZW030104,Chikomba,Mashonaland East
Daramombe Clinic,ZW030191,Chikomba,Mashonaland East
Welcome Home Rural Health Centre,ZW030748,Murewa,Mashonaland East
Avondale Clinic,ZW000A01,North Western,Harare
Population Services Zimbabwe,ZW070224,Gokwe South,Midlands Province
Chapoto Clinic,ZW020820,Mbire,Mashonaland Central
CRANHAM,ZW020491,Mazowe,Mashonaland Central
Unknown Facility,ZW000019,Harare,Harare
Rujeko Clinic (Masvingo),ZW080582,Masvingo,Masvingo
LONGVALLEY,INCHARGE,Makonde,Mashonaland West
ZPCS Study,NMRL019,Harare,Harare
CHINGWIZI ,ZW080608,Mwenezi,Masvingo
St Joseph's Mission Hospital (Mutare),ZW01050G,Mutare,Manicaland
Citimed,NMRL2020007,Chitungwiza,Harare
MACHIVA,80100,Zaka,Masvingo
KAMUZINGIZI CLINIC ,ZW040492,Makonde,Mashonaland West
Kwekwe General Hospital,ZW07040A,Kwekwe,Midlands
Benqest Clinic,BENQEST,Hurungwe,Mashonaland West
marororo clinic,zw000a90,Chitungwiza,Harare
Makumbe District Hospital,ZW03020A,Goromonzi,Mashonaland East
Chigondo Clinic,ZW030425,Hwedza,Mashonaland East
Kushinga Phikhelela Clinic,ZW030504,Marondera,Mashonaland East
Wenimbe Rural Health Centre,ZW030506,Marondera,Mashonaland East
Chikurumadziva Clinic,ZW030445,Hwedza,Mashonaland East
Mutala Clinic,ZW040484,Makonde,Mashonaland West
Mzari Clinic,ZW040261,Makonde,Mashonaland West
Trelawney RDC Clinic,ZW040648,Zvimba,Mashonaland West
Budiriro Polyclinic,ZW000A09,West South West,Harare
Zviduri Clinic,ZW030447,Hwedza,Mashonaland East
PHILIPSDALE CLINIC,PH03010A,Chikomba,Mashonaland East
Gwarawa Rural Health Centre,ZW070501,Mberengwa,Midlands Province
Manyame 24 hr  Medical,ZW000B0D,Chitungwiza Urban,Harare
Chambuta Clinic,ZW080201,Chiredzi,Masvingo
Nyamatawa Clinic,ZW030630,Mudzi,Mashonaland East
Mabvuku Satelite Clinic,ZW000A47,Eastern,Harare
Plumtree District Hospital,ZW06070A,Mangwe,Matabeleland South
Inyathi District Hospital,ZW05020A,Bubi,Matabeleland North
Chikeya clinic,nmrl0000001,Zvimba,Mashonaland West
Border Church Rural Health Centre,ZW030501,Marondera,Mashonaland East
Mwanezi Rural Health Centre,ZW070505,Mberengwa,Midlands Province
Chalala RDC Clinic,ZW040425,Kariba,Mashonaland West
Mola Clinic,ZW040404,Kariba,Mashonaland West
Gandavaroyi,ZWdummy16,Gokwe North,Midlands Province
Chibuwe Clinic,ZW010325,Chipinge,Manicaland
Nembire Rural Health Centre,ZW020527,Mount Darwin,Mashonaland Central
MOY CLINIC,ZW040235,Hurungwe,Mashonaland West
Chirume RHC Hwedza,zw030451,Hwedza,Mashonaland East
Sally Mugabe Hospital (Harare Central Hospital),HRE002,Harare,Harare
Sally Mugabe Hospital (Harare Central Hospital),HRE002,Harare,Harare
ZPCS HQ,ZW000002020,Harare,Harare
Mupfure  Clinic,ZW0401400,Chegutu,Mashonaland West
Always Clinic,ZW020209,Centenary,Mashonaland Central
Always Clinic,ZW020209,Centenary,Mashonaland Central
NYATSATO - RUSHINGA,NMRL200321,Rushinga,Mashonaland Central
Harare Laboratory,NMR180219,Harare,Harare
MUPUMBU,ZW040614,Zvimba,Mashonaland West
MAFIGU,ZW0206,Rushinga,Mashonaland Central
JOSIAH TUNGAMIRAI / THORNHILL  AFB,NMRL070121,Gweru,Midlands
Wiltshire Clinic,ZW030149,Chikomba,Mashonaland East
Whahwa Prison Dependents Clinic,ZWdummy79,Gweru,Midlands Province
Weya Rural Hospital,ZW01040B,Makoni,Manicaland
Weverly Clinic,ZW040362,Sanyati,Mashonaland West
Wendedzo Clinic,ZW080513,Masvingo,Masvingo
Welezi Clinic,ZW070730,Zvishavane,Midlands Province
Watyoka Clinic,ZW040130,Chegutu,Mashonaland West
Waterloo Clinic,ZW030747,Murewa,Mashonaland East
Wanezi Rural Health Centre,ZW070507,Mberengwa,Midlands Province
Wadzanai Clinic,ZW020712,Shamva,Mashonaland Central
Waddilove School Clinic,ZW030586,Marondera,Mashonaland East
Vutete,ZW080333,Chivi,Masvingo
Vungu Clinic,ZW070346,Gweru,Midlands Province
Vumba Clinic - gokwe north,ZW070220,Gokwe north,Midlands
Vukuzenzele Rural Health Centre,ZW070705,Zvishavane,Midlands Province
Vugwi Rural Health Centre,ZW070704,Zvishavane,Midlands Province
Vubachikwe Mine Clinic,ZW060380,Gwanda,Matabeleland South
Village 13 Rural Health Centre,ZW060201,Bulilima,Matabeleland South
Victoria High School Clinic,ZWdummy78,Masvingo,Masvingo
Victoria Falls Hospital,ZW05030A,Hwange,Matabeleland North
Veza Clinic,ZW080738,Zaka,Masvingo
Vere Rural Health Centre,ZW040311,Sanyati,Mashonaland West
Vengere Clinic,ZW010442,Makoni,Manicaland
Veneka Clinic,ZW010336,Chipinge,Manicaland
Vanad RDC Clinic,ZW040678,Zvimba,Mashonaland West
Unki Mine Clinic,ZWdummy77,Shurugwi,Midlands Province
Umuntu Clinic,ZW050798,Umguza,Matabeleland North
Umguza RDC Clinic,ZW050701,Umguza,Matabeleland North
Twin Tops Clinic,ZW040317,Mhondoro,Mashonaland West
Tuzuka Clinic,ZW010316,Chipinge,Manicaland
Turk Mine Clinic,ZWdummy76,Bubi,Matabeleland North
Turf Estate RDC Clinic,ZW040348,Mhondoro,Mashonaland West
Tumbire Clinic,ZWdummy75,Gweru,Midlands Province
Tsonzo Rural Hospital,ZW01060A,Mutasa,Manicaland
Tshovani Ketter Polyclinic,ZW080233,Chiredzi,Masvingo
Tsholotsho Urban Clinic,ZW050631,Tsholotsho,Matabeleland North
Tsholotsho District Hospital,ZW05060A,Tsholotsho,Matabeleland North
Tshitshi Clinic,ZW060732,Mangwe,Matabeleland South
Tshelanyemba Mission Hospital,ZW06050D,Matobo,Matabeleland South
Tsanzaguru Clinic,ZW010436,Makoni,Manicaland
Trojan Nickel Clinic,ZW020176,Bindura,Mashonaland Central
Triashill Mission Hospital,ZW01060E,Mutasa,Manicaland
TRB RDC Clinic,ZW040647,Zvimba,Mashonaland West
Totonga Clinic,ZW070368,Gweru,Midlands
Torwood Polyclinic,ZW070454,Kwekwe,Midlands Province
Toriro Clinic,ZW010435,Makoni,Manicaland
Topomazi Clinic,ZWdummy74,Kwekwe,Midlands Province
Tongwe Clinic,ZW070239,Gokwe South,Midlands Province
Tongogara Clinic,ZW070629,Shurugwi,Midlands Province
Tombo Clinic,ZW010732,Nyanga,Manicaland
Tirizi Satellite Clinic,ZW080433,Gutu,Masvingo
Tinde Clinic,ZW050190,Binga,Matabeleland North
Tilbury Clinic,ZW010266,Chimanimani,Manicaland
Tiger Reef Clinic,ZW070484,Kwekwe,Midlands Province
Thorngrove Hospital,ZW090A0E,Bulawayo,Bulawayo
Tengwe Clinic,ZW040249,Hurungwe,Mashonaland West
Tandi Clinic,ZW010434,Makoni,Manicaland
Tana Rural Health Centre,ZW070607,Shurugwi,Midlands Province
Tamandayi Clinic,ZW010350,Chipinge,Manicaland
Takawira Clinic,ZW020728,Shamva,Mashonaland Central
Takavarasha Rural Health Centre,ZW080307,Chivi,Masvingo
Tafara FHS Clinic,ZW000A38,Eastern,Harare
Swereki Clinic,ZW060128,Beitbridge,Matabeleland South
Svuure Rural Health Centre,ZW080704,Zaka,Masvingo
Svita Clinic,ZW070537,Mberengwa,Midlands Province
Svisvi Clinic,ZW070211,Gokwe South,Midlands Province
Svika Rural Health Centre,ZW070609,Shurugwi,Midlands Province
Sutton RDC Clinic,ZW040677,Zvimba,Mashonaland West
Sunningdale Clinic,ZW000A37,Southern,Harare
Summerton Rural Health Centre,ZW080512,Masvingo,Masvingo
Storis Clinic,ZW020478,Mazowe,Mashonaland Central
Stanmore Clinic,ZW060306,Gwanda,Matabeleland South
St Werburghs Clinic,ZW010507,Mutare,Manicaland
St Thomas Prison Clinic,ZW030511,Marondera,Mashonaland East
St Theresa Mission Hospital,ZW07010F,Chirumhanzu,Midlands
St Peter's Mission Hospital,ZW01030D,Chipinge,Manicaland
St Peter's Clinic,ZW010694,Mutasa,Manicaland
St Paul's Musami Mission Hospital,ZW03070B,Murewa,Mashonaland East
St Patrick's Mission Hospital,ZW050337,Hwange,Matabeleland North
St Patrick's Clinic,ZW070392,Gweru,Midlands Province
St Michael's Tanda Mission Hospital,ZW01040E,Makoni,Manicaland
St Michaels 24 hr Clinic (Chitungwiza),ZW000B0C,Chitungwiza,Harare
St Marys Clinic,ZW000B03,Chitungwiza Urban,Harare
St Luke's Mission Hospital,ZW05040B,Lupane,Matabeleland North
St Joseph Clinic(MASVINGO),ZW080227,Chiredzi,Masvingo
St James Clinic,ZW050791,Umguza,Matabeleland North
St Barbara Mission Hospital,ZW01060D,Mutasa,Manicaland
St Augustine's Clinic,ZW010693,Mutasa,Manicaland
St Annes Mission Hospital (Brunapeg),ZW06070D,Mangwe,Matabeleland South
St Andrew's Mission Hospital,ZW01050F,Mutare,Manicaland
Spring Valley Clinic,ZW010795,Nyanga,Manicaland
Sowa Rural Health Centre,ZW030303,Uzumba Maramba Pfungwe,Mashonaland East
Southerton Clinic,ZW000A35,South Western,Harare
Southdowns Clinic,ZW010369,Chipinge,Manicaland
Soti Source Rural Health Centre,ZW080406,Gutu,Masvingo
Songwa Clinic,ZWdummy73,Hwange,Matabeleland North
Somabhula Clinic,ZW070345,Gweru,Midlands Province
Solusi Clinic,ZW060291,Bulilima,Matabeleland South
Sodhaka Clinic,ZW050606,Tsholotsho,Matabeleland North
Siyawareva Clinic,ZW080737,Zaka,Masvingo
Siyakobvu rural hospital,ZW040428,Kariba,Mashonaland West
Siyahokwe Clinic,ZW070127,Chirumhanzu,Midlands Province
Sivalo Rural Health Centre,ZW050505,Nkayi,Matabeleland North
Sitezi Clinic,ZW060332,Gwanda,Matabeleland South
Siphepha Rural Hospital,ZW05060B,Tsholotsho,Matabeleland North
Sino Zimbabwe Clinic,ZWdummy72,Gweru,Midlands Province
Singwango Clinic,ZW060425,Insiza,Matabeleland South
Singwambizi Clinic,ZW060427,Insiza,Matabeleland South
Sinansengwe Rural Health,ZW050193,Binga,Matabeleland North
Sinakoma Clinic,ZW050191,Binga,Matabeleland North
Simbumbumbu Clinic,ZW060305,Gwanda,Matabeleland South
Simatelele Rural Health Centre,ZW050192,Binga,Matabeleland North
Simangane Clinic,ZW050333,Hwange,Matabeleland North
Simana Clinic,ZW070434,Kwekwe,Midlands Province
Silver Stream Clinic,ZW010367,Chipinge,Manicaland
Silveira Mission Hospital,ZW08010D,Bikita,Masvingo
Silobela District  Hospital,ZW07040B,Kwekwe,Midlands Province
Silobela Clinic,ZW070433,Kwekwe,Midlands Province
Silikwe Clinic,ZWdummy71,Gwanda,Matabeleland South
Sikhobokhobo Clinic,ZW050528,Nkayi,Matabeleland North
Sikhathini Clinic,ZW060231,Bulilima,Matabeleland South
Sikente Rural Health Centre,ZW050698,Tsholotsho,Matabeleland North
Sigezibubi Clinic,ZWdummy70,Kwekwe,Midlands Province
Siganda Clinic,ZW050226,Bubi,Matabeleland North
Sidinda Clinic,ZWdummy69,Hwange,Matabeleland North
Sidakeni Clinic,ZW070432,Kwekwe,Midlands Province
Siansundu Rural Health Centre,ZW050105,Binga,Matabeleland North
Siadindi Rural Health Centre,ZW050196,Binga,Matabeleland North
Siabuwa Rural Hospital,ZW05010B,Binga,Matabeleland North
Shurugwi ZPS Clinic,ZWdummy68,Shurugwi,Midlands Province
Shurugwi District Hospital,ZW07060A,Shurugwi,Midlands
Shonganiso Clinic,ZW080592,Masvingo,Masvingo
Shindi Satellite Clinic,ZW080328,Chivi,Masvingo
Shinda Clinic,ZW030632,Mudzi,Mashonaland East
Sherwood Clinic,ZW070466,Kwekwe,Midlands Province
Sherukuru Rural Health Centre,ZW010603,Mutasa,Manicaland
Sheba Clinic,ZW010672,Mutasa,Manicaland
Shashe Clinic,ZW060129,Beitbridge,Matabeleland South
Shangani Rural Hospital,ZW06040B,Insiza,Matabeleland South
Shangani Clinic,ZW060477,Insiza,Matabeleland South
Shamva Gold mine Clinic,ZW020776,Shamva,Mashonaland Central
Shabwe Rural Health Centre,ZW060106,Beitbridge,Matabeleland South
Shabane Mine Hospital,ZW07070C,Zvishavane,Midlands Province
Sessami Clinic,ZW070296,Gokwe South,Midlands Province
Sesemba Clinic,ZW050534,Nkayi,Matabeleland North
Serima,ZW080491,Gutu,Masvingo
Senkwazi Clinic,ZW070431,Kwekwe,Midlands Province
Sengezane Clinic,ZW060330,Gwanda,Matabeleland South
Senga Clinic,ZW070367,Gweru,Midlands
Selous Clinic,ZW040149,Chegutu,Mashonaland West
Selonga Clinic,ZW060363,Gwanda,Matabeleland South
Selbourne/Nyanga Pine Clinic,ZW010668,Mutasa,Manicaland
Seke North Clinic,ZW000B02,Chitungwiza Urban,Harare
Sebhumane Clinic,ZW050527,Nkayi,Matabeleland North
Sebakwe Clinic,ZW070465,Kwekwe,Midlands Province
Sanzukwi Clinic,ZW060733,Mangwe,Matabeleland South
Sanyati RDC Clinic,ZW040330,Sanyati,Mashonaland West
Sanyathi Mine,ZWdummy67,Gokwe North,Midlands Province
Santa Babra Clinic,ZWdummy66,Chegutu,Mashonaland West
Sankonjane Rural Health Centre,ZW060502,Matobo,Matabeleland South
Sangano Clinic,ZW010447,Makoni,Manicaland
Sandawana Clinic,ZW070578,Mberengwa,Midlands Province
Sanale Rural Health Centre,ZW060407,Insiza,Matabeleland South
Samu Clinic,ZW080213,Chiredzi,Masvingo
Samaringa Clinic,ZW010642,Mutasa,Manicaland
Samanga Clinic,ZW010641,Mutasa,Manicaland
Samambwa Clinic,ZW070430,Kwekwe,Midlands Province
Samahuru Mission Clinic,ZW050633,Tsholotsho,Matabeleland North
Sai Clinic,ZW070238,Gokwe South,Midlands Province
Sahumani Clinic,ZW010639,Mutasa,Manicaland
Sagambe Clinic,ZW010638,Mutasa,Manicaland
Sadziwa Clinic,ZW010637,Mutasa,Manicaland
Sadoma RDC Clinic,ZW040584,Makonde,Mashonaland West
Sabvure Clinic,ZW010731,Nyanga,Manicaland
Sabi Mine Clinic,ZW070776,Zvishavane,Midlands Province
Rwizi Clinic,ZW040129,Chegutu,Mashonaland West
Ruwa Clinic,ZW030250,Goromonzi,Mashonaland East
Rutenga NRZ Clinic,ZW080681,Mwenezi,Masvingo
Rutenga Clinic,ZW080606,Mwenezi,Masvingo
Rutendo Clinic,ZW070464,Kwekwe,Midlands Province
Rutendo,ZWdummy65,Zvishavane,Midlands Province
Rutandare Clinic,ZW080231,Chiredzi,Masvingo
Rusununguko Clinic,ZW030204,Goromonzi,Mashonaland East
Rusitu Mission Hospital,ZW01020D,Chimanimani,Manicaland
Rusike Rural Health Centre,ZW070606,Shurugwi,Midlands Province
Rushinga Rural Health Centre,ZW020604,Rushinga,Mashonaland Central
Rusape ZRP Camp Clinic,ZW010475,Makoni,Manicaland
Rusape ZPCS Clinic,ZW010474,Makoni,Manicaland
Rusambo Clinic,ZW020626,Rushinga,Mashonaland Central
Ruponeso Clinic,ZWdummy64,Bikita,Masvingo
Rupinda Rural Health Centre,ZW010602,Mutasa,Manicaland
Rupangwana Clinic,ZW080230,Chiredzi,Masvingo
Runyararo Clinic,ZW080583,Masv,Masvingo
Runene RDCClinic,ZW040533,Makonde,Mashonaland West
Rukweza Clinic,ZW010433,Makoni,Manicaland
Rukovo Clinic,ZW080532,Masvingo,Masvingo
Ruchera Rural Health Centre,ZW010711,Nyanga,Manicaland
Rubi Clinic,ZWdummy63,Gweru,Midlands Province
Rowa Clinic,ZW010537,Mutare,Manicaland
Rose Camp ZRP Clinic,ZW050720,Umguza,Matabeleland North
Roscommon Clinic,ZW010264,Chimanimani,Manicaland
Rockford Council Clinic,ZW070647,Shurugwi,Midlands Province
River Ranch RDC Clinic,ZW040510,Makonde,Mashonaland West
Rio Tinto Clinic,ZW070452,Kwekwe,Midlands Province
Ringanayi Clinic,ZW010443,Makoni,Manicaland
Rimuka FCH,ZW04030F,Sanyati,Mashonaland West
Rimbi Clinic,ZW010335,Chipinge,Manicaland
Ridigita Prison Clinic,ZW030513,Marondera,Mashonaland East
Renco Mine Clinic,ZW080576,Masvingo,Masvingo
Regina Coeli Mission Hospital,ZW01070E,Nyanga,Manicaland
Redwood Clinic,ZW050728,Umguza,Matabeleland North
Redwing Clinic,ZW010671,Mutasa,Manicaland
Redcliff Clinic,ZW070459,Kwekwe,Midlands Province
Razi Rural Health Centre,ZW080305,Chivi,Masvingo
Ratelshoek Clinic,ZW010371,Chipinge,Manicaland
Range Rural Health Centre,ZW03010C,Chikomba,Mashonaland East
Rambanepasi Clinic,ZW010138,Buhera,Manicaland
Rafingora Rural Hospital,ZW04060D,Zvimba,Mashonaland West
Raafs Clinic,ZW050232,Bubi,Matabeleland North
Quarry Gold Mine Clinic,ZW070679,Shurugwi,Midlands Province
Pumula South Clinic,ZW090A35,Emakhandeni,Bulawayo
Pumula Old Clinic,ZW090A13,Emakhandeni,Bulawayo
Pumula Mission Hospital,ZW05060C,Tsholotsho,Matabeleland North
Presbyterian Churh Clinic,ZW040582,Makonde,Mashonaland West
Premier Central Clinic,ZW010698,Mutasa,Manicaland
Portlet RDC clinic,ZW040583,Makonde,Mashonaland West
Portland Holdings(Unicem) Clinic,ZW050753,Umguza,Matabeleland North
Porepore Clinic,ZW080229,Chiredzi,Masvingo
Plumtree ZPS Clinic,ZW060793,Mangwe,Matabeleland South
Plumtree District Hospital,ZW06070A,Mangwe,Matabeleland South
Phakama Polyclinic,ZW060362,Gwanda,Matabeleland South
Pfupajena Clinic,ZW040161,Chegutu,Mashonaland West
Perseverance Army Clinic,ZW040324,Sanyati,Mashonaland West
Patchway RDC Clinic,ZW040379,Sanyati,Mashonaland West
Pashu Clinic,ZW050125,Binga,Matabeleland North
Pakame Clinic,ZW070692,Shurugwi,Midlands Province
Paidamoyo Rural Health Centre,ZW010312,Chipinge,Manicaland
Pahlela Clinic,ZW080214,Chiredzi,Masvingo
Ordoff RDC Clinic,ZW040346,Sanyati,Mashonaland West
Old Mutare Mission Hospital,ZW01060C,Mutasa,Manicaland
Old Boli Rural Health Centre,ZW080212,Chiredzi,Masvingo
Odzi Clinic,ZW080129,Bikita,Masvingo
Obva RDC Clinic,ZW040527,Makonde,Mashonaland West
Nzvenga Clinic,ZW010536,Mutare,Manicaland
Nzira Rural Health Centre,ZW030810,Mutoko,Mashonaland East
Nyunga Clinic,ZW010351,Chipinge,Manicaland
Nyoni Rural Health Centre,ZW070405,Kwekwe,Midlands Province
Nyikavanhu Rural Health Centre,ZW080507,Masvingo,Masvingo
Nyikavanhu Clinic,ZW070105,Chirumhanzu,Midlands Province
Nyika Rural Health Centre,ZW080106,Bikita,Masvingo
Nyazvidzi Clinic,ZW080431,Gutu,Masvingo
Nyazura Mission Clinic,ZW010491,Makoni,Manicaland
Nyazura Clinic,ZW010427,Makoni,Manicaland
Nyautonge Rural Health Centre,ZW070104,Chirumhanzu,Midlands Province
Nyautare Rural Health Centre,ZW010710,Nyanga,Manicaland
Nyatate Clinic,ZW010730,Nyanga,Manicaland
Nyashanu Mission Clinic,ZWdummy60,Buhera,Manicaland
Nyarumvurwe Rural Health Centre,ZW010706,Nyanga,Manicaland
Nyapfunde Clinic,ZWdummy59,Mudzi,Mashonaland East
Nyaonde Rural Health Centre,ZW040321,Sanyati,Mashonaland West
Nyanyadzi Rural Hospital,ZW01020B,Chimanimani,Manicaland
Nyanguai Clinic,ZWdummy58,Nyanga,Manicaland
Nyangombe Clinic,ZW010791,Nyanga,Manicaland
Nyangoma Clinic,ZW040248,Hurungwe,Mashonaland West
Nyangambe Rural Health Centre,ZW080210,Chiredzi,Masvingo
Nyamuzizi Rural Health Centre,ZW030807,Mutoko,Mashonaland East
Nyamusosa Clinic,ZW010446,Makoni,Manicaland
Nyamukamani Rural Health Centre,ZW010420,Makoni,Manicaland
Nyamugomba RDC Clinic,ZW040579,Makonde,Mashonaland West
Nyamidzi Clinic,ZW010431,Makoni,Manicaland
Nyamhunga_Sengwe Clinic,ZW040229,Hurungwe,Mashonaland West
Nyamhondoro Rural Health Centre,ZW020306,Guruve,Mashonaland Central
Nyamazura Rural Health Centre,ZW010512,Mutare,Manicaland
Nyamatikiti Rural Health Centre,ZW020606,Rushinga,Mashonaland Central
Nyamatani Rural Health Centre,ZW040310,Sanyati,Mashonaland West
Nyamaruro Rural Health Centre,ZW020701,Shamva,Mashonaland Central
Nyamaropa Rural Health Centre,ZW020777,Shamva,Mashonaland Central
Nyamaropa Clinic,ZW010727,Nyanga,Manicaland
Nyamanyora Rural Health Centre,ZW030607,Mudzi,Mashonaland East
Nyamandlovu District Hospital,ZW05070A,Umguza,Matabeleland North
Nyamande Clinic,ZWdummy56,Mudzi,Mashonaland East
Nyamakate Clinic,ZW040228,Hurungwe,Mashonaland West
Nyama Clinic (Gweru),ZW070347,Gweru,Midlands
Nyakunhuwa Clinic,ZW080736,Zaka,Masvingo
Nyajena Rural Hospital,ZW08050C,Masvingo,Masvingo
Nyaje Rural Health Centre,ZW070208,Gokwe South,Midlands Province
Nyahukwe Rural Health Centre,ZW010419,Makoni,Manicaland
Nyahowe Rural Health Centre,ZW010418,Makoni,Manicaland
Nyahombe Rural Health Centre,ZW080308,Chivi,Masvingo
Nyahode Clinic,ZW010205,Chimanimani,Manicaland
Nyagundi Clinic,ZW010511,Mutare,Manicaland
Nyafaru Clinic,ZW010762,Nyanga,Manicaland
Nyadowa Clinic,ZW010794,Nyanga,Manicaland
Nyadiri Mission Hospital,ZW03080D,Mutoko,Mashonaland East
Nyabira RDC Clinic,ZW040646,Zvimba,Mashonaland West
Nyabango Rural Health Centre,ZW040309,Sanyati,Mashonaland West
Ntshamathe Clinic,ZW060631,Umzingwane,Matabeleland South
Ntalale Clinic,ZW060329,Gwanda,Matabeleland South
Ntabeni Clinic,ZW070429,Kwekwe,Midlands Province
Ntabazinduna ZRP Camp Clinic,ZW050788,Umguza,Matabeleland North
Ntabazinduna ZPS Clinic,ZW050785,Umguza,Matabeleland North
Ntabazinduna Clinic URDC Council,ZW050729,Umguza,Matabeleland North
Ntabamhlope Rural Health Centre,ZW070306,Gweru,Midlands Province
Nswazwi Rural Health Centre,ZW060208,Bulilima,Matabeleland South
Nswazi Clinic,ZW060630,Umzingwane,Matabeleland South
Nshaba Rural Health Centre,ZW050634,Tsholotsho,Matabeleland North
Nottingham Rural Health Centre,ZW060109,Beitbridge,Matabeleland South
Northern Suburbs Clinic,ZW090A18,Northern Suburbs,Bulawayo
North Eastern Medical Centre,ZW020482,Mazowe,Mashonaland Central
Nkunzi Clinic,ZW050630,Tsholotsho,Matabeleland North
Nkulumane Clinic,ZW090A10,Nkulumane,Bulawayo
Nkayi ZPS Clinic,ZWdummy55,Nkayi,Matabeleland North
Nkayi District Hospital,ZW05050A,Nkayi,Matabeleland North
Nkankezi Rural Health Centre,ZW060405,Insiza,Matabeleland South
Njube Clinic,ZW090A09,Emakhandeni,Bulawayo
Njelele Clinic,ZWdummy54,Gokwe South,Midlands Province
Nhwali Clinic,ZW060303,Gwanda,Matabeleland South
Nhlangano Clinic,ZW060629,Umzingwane,Matabeleland South
Nhema Clinic,ZW080735,Zaka,Masvingo
Nhawa Rural Health Centre,ZW020603,Rushinga,Mashonaland Central
Ngwaladi Rural Health Centre,ZW050503,Nkayi,Matabeleland North
Ngundu Rural Health Centre,ZW080304,Chivi,Masvingo
Ngorima Rural Health Centre,ZW080107,Bikita,Masvingo
Ngorima Clinic,ZW010231,Chimanimani,Manicaland
Ngomahuru Rural Health Centre,ZW080544,Masvingo,Masvingo
Ngomahuru Psychiatric hospital,ZW08050B,Masvingo,Masvingo
Ngezi Clinic,ZW040363,Sanyati,Mashonaland West
Ngarura Clinic,ZW010633,Mutasa,Manicaland
Ngaone Clinic,ZW010334,Chipinge,Manicaland
New Year's Gift Clinic,ZW010366,Chipinge,Manicaland
New Geja Rural Health Centre,ZW040304,Sanyati,Mashonaland West
Nesigwe Clinic,ZW050526,Nkayi,Matabeleland North
Neshuro District Hospital,ZW08060A,Mwenezi,Masvingo
Nerutanga Clinic,ZW010137,Buhera,Manicaland
Nenyunga Clinic,ZW070295,Gokwe North,Midlands Province
Nemauku Rural Health Centre,ZW080703,Zaka,Masvingo
Nemashakwe Rural Health Centre,ZW080405,Gutu,Masvingo
Nemamwa Rural Health Centre,ZW080506,Masvingo,Masvingo
Nehoreka Pvt Clinic,ZW030771,Murewa,Mashonaland East
Nehanda Rural Health Centre,ZW080605,Mwenezi,Masvingo
Negove Clinic,ZW070534,Mberengwa,Midlands Province
Negande Rural Health Centre,ZW040405,Kariba,Mashonaland West
Nedewedzo Rural Hospital,ZW01040D,Makoni,Manicaland
Ndlovu Clinic,ZW050332,Hwange,Matabeleland North
Ndiweni Clinic,ZW060230,Bulilima,Matabeleland South
Ndanga District Hospital,ZW08070A,Zaka,Masvingo
Ndanga Clinic,ZW080734,Zaka,Masvingo
Ndabambi Clinic,ZWdummy53,Gokwe South,Midlands Province
Mzingwane High Clinic,ZW060684,Umzingwane,Matabeleland South
Mzimuni Clinic,ZW060328,Gwanda,Matabeleland South
Mzilikazi Clinic,ZW090A08,Northern Suburbs,Bulawayo
Presbyterian Clinic,ZW040187,Chegutu,Mashonaland West
Mwoyoweshumba Clinic,ZW010632,Mutasa,Manicaland
Mwerahari Clinic,ZW030192,Chikomba,Mashonaland East
Mwenezi Clinic,ZW080628,Mwenezi,Masvingo
Mwenezana Clinic,ZW080682,Mwenezi,Masvingo
Mwemba Rural Health Centre,ZW050305,Hwange,Matabeleland North
Mwami Rural Hospital,ZW04020C,Hurungwe,Mashonaland West
Mwakandara Rural Health Centre,ZW050304,Hwange,Matabeleland North
Muzvezve Rural Health Centre,ZW040308,Mhondoro,Mashonaland West
Muzokomba Clinic,ZW010136,Buhera,Manicaland
Muvonde Mission Hospital,ZW07010E,Chirumhanzu,Midlands Province
Muvava Clinic,ZW080108,Bikita,Masvingo
Muuyu RDC Clinic,ZW040329,Sanyati,Mashonaland West
Mutsvangwa Clinic,ZW010230,Chimanimani,Manicaland
Mutoro Clinic,ZW030148,Chikomba,Mashonaland East
Mutorashanga Rural Hospital,ZW04060F,Zvimba,Mashonaland West
Mutoko Prison Clinic,ZW030811,Mutoko,Mashonaland East
Mutoko Army Clinic,ZWdummy52,Mutoko,Mashonaland East
Mutiusinazita Clinic,ZW010135,Buhera,Manicaland
Masvingo Remand ZPS Clinic,ZW080505,Masvingo,Masvingo
Mutikizizi Rural Health Centre,ZW080133,Bikita,Masvingo
Muteyo Rural Health Centre,ZW080209,Chiredzi,Masvingo
Mutero,ZW080492,Gutu,Masvingo
Mutepfe Clinic,ZW010134,Buhera,Manicaland
Mutemwa Leprosy Settlement Clinic,ZW030861,Mutoko,Mashonaland East
Mutema Rural Health Centre,ZW080404,Gutu,Masvingo
Mutema Clinic (Chipinge),ZW010333,Chipinge,Manicaland
Mutare ZPCS Remand Clinic,ZWdummy51,Mutare,Manicaland
Mutare ZPCS Farm Clinic,ZW010532,Mutare,Manicaland
Mutapa Clinic,ZW070364,Gweru,Midlands
Muswera Rural clinic,ZWdummy50,Chipinge,Manicaland
Musvovi Rural Health Centre,ZW080504,Masvingo,Masvingo
Musita Clinic,ZW070236,Gokwe South,Midlands Province
Musiso Mission Hospital,ZW08070C,Zaka,Masvingo
Musiriswe Rural Health Centre,ZW010311,Chipinge,Manicaland
Musinami Rural Health Centre,ZW040106,Chegutu,Mashonaland West
Mushunje Clinic,ZW010535,Mutare,Manicaland
Mushimbo Rural Health Centre,ZW030806,Mutoko,Mashonaland East
Mushaya Clinic,ZW080733,Zaka,Masvingo
Mushaviri Rural Health Centre,ZW080401,Gutu,Masvingo
Mushava Clinic,ZW080627,Mwenezi,Masvingo
Mushandike Rural Health Centre,ZW080503,Masvingo,Masvingo
Musena Rural Health Centre,ZW070109,Chirumhanzu,Midlands Province
Musani Clinic,ZW010331,Chipinge,Manicaland
Musadzi Rural Health Centre,ZW070204,Gokwe North,Midlands Province
Murwira Rural Health Centre,ZW010105,Buhera,Manicaland
Murwira Clinic,ZW080131,Bikita,Masvingo
Murove Clinic,ZW080629,Mwenezi,Masvingo
Murongwe Rural Health Centre,ZW070504,Mberengwa,Midlands Province
Muromo Rural Health Centre,ZW010506,Mutare,Manicaland
Murinye Clinic,ZW080531,Masvingo,Masvingo
Murezi Rural Health Centre,ZW030102,Chikomba,Mashonaland East
Murewa ZPCS Clinic,ZW030708,Murewa,Mashonaland East
Murereka Rural Health Centre,ZW040507,Makonde,Mashonaland West
Murehwa ZRP Clinic,ZW030707,Murewa,Mashonaland East
Murambwa RDC Clinic,ZW040328,Mhondoro,Mashonaland West
Murambi Clinic,ZWdummy49,Hurungwe,Mashonaland West
Mupinda Clinic,ZWdummy48,Kwekwe,Midlands Province
Mupfurudzi Rural Health Centre,ZW020705,Shamva,Mashonaland Central
Mupawose Clinic,ZW040128,Chegutu,Mashonaland West
Munyikwa Clinic,ZW080430,Gutu,Masvingo
Munyati Clinic,ZW070485,Kwekwe,Midlands Province
Munyarari Clinic,ZW010510,Mutare,Manicaland
Munyamani Clinic,ZWdummy47,Mwenezi,Masvingo
Mungezi Rural Health Centre,ZW080132,Bikita,Masvingo
Mukuwapasi Rehab Clinic,ZW010482,Makoni,Manicaland
Mukosi Rural Health Centre,ZW080502,Masvingo,Masvingo
Mukosa Rural Health Centre,ZW020601,Rushinga,Mashonaland Central
Mukore Rural Health Centre,ZW080105,Bikita,Masvingo
Mukonde Rural Health Centre,ZW020602,Rushinga,Mashonaland Central
Mukohwe RDC Clinic,ZW040526,Makonde,Mashonaland West
Mukaro,ZW080493,Gutu,Masvingo
Mukarati RDC Clinic,ZW040322,Mhondoro,Mashonaland West
Mukanga Rural Health Centre,ZW080104,Bikita,Masvingo
Mukamba Clinic,ZW010432,Makoni,Manicaland
Mufusire Clinic,ZW010439,Makoni,Manicaland
Mufakose Clinic,ZW000A29,West South West,Harare
Mudzi Camp Clinic,ZWdummy46,Mudzi,Mashonaland East
Mudawose Clinic,ZW010116,Buhera,Manicaland
Mudanda Clinic,ZW010124,Buhera,Manicaland
Muchesu Rural Health Centre,ZW050104,Binga,Matabeleland North
Mucheke Clinic,ZW080535,Masv,Masvingo
Muchadziya Rural Health Centre,ZW010208,Chimanimani,Manicaland
Mtshayeli Rural Health Centre,ZW050605,Tsholotsho,Matabeleland North
Mtshabezi Mission Hospital,ZW06030C,Gwanda,Matabeleland South
Mtanke Clinic,ZW070294,Gokwe South,Midlands Province
Mtambi Clinic,ZW070729,Zvishavane,Midlands Province
Mt Jenya Clinic,ZW010630,Mutasa,Manicaland
Msilahobe Rural Health Centre,ZW070404,Kwekwe,Midlands Province
Msampakaruma Clinic,ZW040427,Kariba,Mashonaland West
Msala Clinic,ZW070235,Gokwe South,Midlands Province
Mrowa Clinic,ZW070728,Zvishavane,Midlands Province
Mpumbu RDC Clinic,ZW040629,Zvimba,Mashonaland West
Mpotedzi Clinic,ZW010629,Mutasa,Manicaland
Mponjani Clinic,ZW070538,Mberengwa,Midlands Province
Mpisini Health Post,ZW060633,Umzingwane,Matabeleland South
Mpilo Central Hospital,ZW090D0D,Bulawayo,Bulawayo
Mpanedziba Rural Health Centre,ZW050697,Tsholotsho,Matabeleland North
Mount Zuma Clinic,ZW010509,Mutare,Manicaland
Mount Melleray Mission Hospital,ZW01070D,Nyanga,Manicaland
Mount Hampden RDC Clinic,ZW040645,Zvimba,Mashonaland West
Mount Darwin ZRP Clinic,ZW020530,Mount Darwin,Mashonaland Central
Mount Darwin ZPS Clinic,ZW020531,Mount Darwin,Mashonaland Central
Mother of Peace Clinic,ZW030827,Mutoko,Mashonaland East
Montgomery Christian Care Centre,ZW020483,Mazowe,Mashonaland Central
Monera Rural Health Centre,ZW040104,Chegutu,Mashonaland West
Mombeyarara Rural Health Centre,ZW010104,Buhera,Manicaland
Mliti clinic,ZWdummy45,Shamva,Mashonaland Central
Mlezu Clinic,ZW070453,Kwekwe,Midlands Province
Mlelezi Clinic,ZW080630,Mwenezi,Masvingo
Mlagisa Rural Health Centre,ZW050604,Tsholotsho,Matabeleland North
Mkwasine Clinic,ZW080282,Chiredzi,Masvingo
Mkwada Clinic,ZW010533,Mutare,Manicaland
Mkoka Clinic,ZW070241,Gokwe South,Midlands Province
Mkoba Polyclinic,ZW070363,Gweru,Midlands
Mkoba 1 Clinic,ZW070362,Gweru,Midlands
Mketi Clinic,ZW070533,Mberengwa,Midlands Province
Mimosa Mine Clinic,ZW070777,Zvishavane,Midlands Province
Milonga Clinic,ZWdummy44,Hwange,Matabeleland North
Mhondoro Rural Hospital,ZW04010B,Chegutu,Mashonaland West
Mhondoro North Clinic,ZW040127,Chegutu,Mashonaland West
Mhondongori Rural Health Centre,ZW070787,Zvishavane,Midlands Province
Mhlanguleni Rural Health Centre,ZW080208,Chiredzi,Masvingo
Mhlahlandlela Clinic,ZW060628,Umzingwane,Matabeleland South
Membeswana Rural Health Centre,ZW050202,Bubi,Matabeleland North
Medpark Surgery Clinic,ZWdummy43,Gokwe South,Midlands Province
Mdutshane Rural Health Centre,ZW050230,Bubi,Matabeleland North
Mdlankuzi Clinic,ZW050427,Lupane,Matabeleland North
mc Glamorgan Clinic,ZW020186,Bindura,Mashonaland Central
Mbyuanehanda Rural Health Centre,ZW040103,Chegutu,Mashonaland West
Mbuma Mission Hospital,ZW05050C,Nkayi,Matabeleland North
Mbizo 11 Clinic,ZW070463,Kwekwe,Midlands Province
Mbizo 1 Clinic,ZW070462,Kwekwe,Midlands Province
Mbizingwe Clinic,ZW060602,Umzingwane,Matabeleland South
Mberengwa ZPS Clinic,ZWdummy42,Mberengwa,Midlands Province
Mbembeswane Rural Health Centre,ZW060525,Matobo,Matabeleland South
Mbembesi Clinic,ZW050733,Umguza,Matabeleland North
Mazuru Clinic,ZW080429,Gutu,Masvingo
Mazowe Prison Clinic,ZW020479,Mazowe,Mashonaland Central
Mazowe Bridge Rural Health Centre,ZWdummy41,Rushinga,Mashonaland Central
Maziofa Clinic,ZW070531,Mberengwa,Midlands
Mazivisa Clinic,ZW070627,Shurugwi,Midlands Province
Mazetese Clinic,ZW080625,Mwenezi,Masvingo
Mazebe Rural Health Centre,ZW070403,Kwekwe,Midlands Province
Mayovhe RDC clinic,ZW040464,Kariba,Mashonaland West
Mayoka Clinic,ZW070409,Kwekwe,Midlands Province
Mayobodo Rural Health Centre,ZW060707,Mangwe,Matabeleland South
Mayo 2 Rural Health Centre,ZW010415,Makoni,Manicaland
Mayo 1 Rural Health Centre,ZW010414,Makoni,Manicaland
Mawabeni Clinic,ZW060627,Umzingwane,Matabeleland South
Mavorovondo Rural Health Centre,ZW070503,Mberengwa,Midlands Province
Mavhudzi Clinic,ZW010444,Makoni,Manicaland
Mavhiza Clinic,ZW010503,Mutare,Manicaland
Maurice Nyagumbo Clinic,ZW010438,Makoni,Manicaland
Matotwe Rural Health Centre,ZW010413,Makoni,Manicaland
Matoranjera RDC Clinic,ZW040547,Makonde,Mashonaland West
Matopo Clinic,ZW060591,Matobo,Matabeleland South
Matobo Rural Hospital,ZW06050C,Matobo,Matabeleland South
Matjinge Rural Health Centre,ZW060206,Bulilima,Matabeleland South
Matizha Rural Health Centre,ZW080403,Gutu,Masvingo
Matize Rural Health Centre,ZW010707,Nyanga,Manicaland
Matibi Mission Hospital,ZW08060B,Mwenezi,Masvingo
Mateta Rural Health Centre,ZW070206,Gokwe South,Midlands Province
Matenda Rural Health Centre,ZW070703,Zvishavane,Midlands Province
Mateme SDA Clinic,ZW070217,Gokwe South,Midlands Province
Mateme Rural Health Centre,ZW050502,Nkayi,Matabeleland North
Matedza Clinic,ZW030826,Mutoko,Mashonaland East
Mataruse RHC,ZW080438,Gutu,Masvingo
Matanda Clinic,ZW010520,Mutare,Manicaland
Mataga Rural Health Centre,ZW070502,Mberengwa,Midlands
Masvosva Rural Health Centre,ZW010412,Makoni,Manicaland
Masvori Rural Health Centre,ZW070304,Gweru,Midlands Province
Masvingo Teachers' College,ZW080510,Masvingo,Masvingo
Masvingo Provincial Hospital,ZW08050A,Masvingo,Masvingo
Masvingo Polytechnic Clinic,ZW080511,Masvingo,Masvingo
Masuka Clinic,ZWdummy39,Gokwe South,Midlands Province
Masiye Camp Health Post,ZW060593,Matobo,Matabeleland South
Masiyarwa RDC Clinic,ZW040625,Zvimba,Mashonaland West
Masinire Clinic,ZW080321,Chivi,Masvingo
Mashongwe Clinic,ZW040247,Hurungwe,Mashonaland West
Mashoko Mission Hospital,ZW08010C,Bikita,Masvingo
Mashaba Clinic,ZW060327,Gwanda,Matabeleland South
Masera Clinic,ZW060127,Beitbridge,Matabeleland South
Masendu Rural Health Centre,ZW060235,Bulilima,Matabeleland South
Masenda Clinic,ZW030628,Mudzi,Mashonaland East
Masasi Clinic,ZW010531,Mutare,Manicaland
Masasa Rural Health Centre,ZW030905,Seke,Mashonaland East
Masanga Rural Health Centre,ZW040205,Hurungwe,Mashonaland West
Marula Clinic,ZW060705,Mangwe,Matabeleland South
Marozva Clinic,ZW080128,Bikita,Masvingo
Marondera ZRP Clinic,ZW030512,Marondera,Mashonaland East
Marishongwe Rural Health Centre,ZW070605,Shurugwi,Midlands Province
Marinda Clinic,ZW080632,Mwenezi,Masvingo
Maranda Sub Rural Health Centre,ZW080604,Mwenezi,Masvingo
Maranda Clinic,ZW080691,Mwenezi,Masvingo
Maqhawe Clinic,ZW090A33,Nkulumane,Bulawayo
Mapiravana Clinic,ZW070128,Chirumhanzu,Midlands Province
Mapinga RDC Clinic,ZW040683,Zvimba,Mashonaland West
Maphisa District Hospital,ZW06050A,Matobo,Matabeleland South
Mapate Clinic,ZW060334,Gwanda,Matabeleland South
Maparura Rural Health Centre,ZW010411,Makoni,Manicaland
Maparadza Clinic,ZW010340,Chipinge,Manicaland
Mapara Clinic,ZW010696,Mutasa,Manicaland
Mapanzure Clinic,ZW080528,Masvingo,Masvingo
Manzvire Clinic,ZW010330,Chipinge,Manicaland
Manyoni Rural Health Centre,ZW040315,Mhondoro,Mashonaland West
Manyoni Clinic,ZW070293,Gokwe South,Midlands Province
Manyewe RDC Clinic,ZW040327,Mhondoro,Mashonaland West
Manyamba Clinic,ZWdummy38,Makonde,Mashonaland West
Manoti Clinic,ZW070233,Gokwe South,Midlands Province
Mangwandi Rural Health Centre,ZW070303,Gweru,Midlands Province
Mangidi Clinic,ZW070232,Gokwe South,Midlands Province
Manga Rural Health Centre,ZW020183,Bindura,Mashonaland Central
Mandhloro Clinic,ZW080741,Zaka,Masvingo
Mandeya 2 Clinic,ZW010628,Mutasa,Manicaland
Mandava Clinic,ZW070702,Zvishavane,Midlands Province
Mandara Clinic,ZW080127,Bikita,Masvingo
Mandamabwe Rural Health Centre,ZW080303,Chivi,Masvingo
Manama Hospital,ZW06030B,Gwanda,Matabeleland South
Mambwere Clinic,ZW010530,Mutare,Manicaland
Mambale Clinic,ZW060729,Mangwe,Matabeleland South
Malisa Zhombe Clinic,ZW070428,Kwekwe,Midlands Province
Malisa Joshepha Clinic,ZW070427,Kwekwe,Midlands Province
Malipati Rural Health Centre,ZW080207,Chiredzi,Masvingo
Makwe Clinic,ZW060302,Gwanda,Matabeleland South
Makuwerere Clinic,ZW070529,Mberengwa,Midlands Province
Makusha Clinic,ZW070646,Shurugwi,Midlands Province
Makoni Rural Hospital,ZW01040C,Makoni,Manicaland
Makombe Clinic,ZWdummy36,Beitbridge,Matabeleland South
Makhulela Rural Health Centre,ZW060204,Bulilima,Matabeleland South
Maketo Rural Health Centre,ZW070701,Zvishavane,Midlands Province
Makepesi Clinic,ZW070328,Gweru,Midlands Province
Makaza Clinic,ZW050603,Tsholotsho,Matabeleland North
Makambe Clinic,ZW080234,Chiredzi,Masvingo
Makakabule Clinic,ZW060176,Beitbridge,Matabeleland South
Majini Rural Health Centre,ZW060104,Beitbridge,Matabeleland South
Majiji Clinic,ZW050228,Bubi,Matabeleland North
Majada Rural Health Centre,ZW080402,Gutu,Masvingo
Mahombekombe Clinic,ZW040462,Kariba,Mashonaland West
Mahenye Rural Health Centre,ZW010309,Chipinge,Manicaland
Magwegwe Clinic,ZW090A07,Emakhandeni,Bulawayo
Magombedze Clinic,ZW080428,Gutu,Masvingo
Magombedze Chitsa Clinic,ZW080435,Gutu,Masvingo
Mageza Clinic,ZW080740,Zaka,Masvingo
Mafuti Clinic,ZW040179,Chegutu,Mashonaland West
Madzorera RDC Clinic,ZW040628,Zvimba,Mashonaland West
Madziwa Teachers' College,ZWdummy34,Shamva,Mashonaland Central
Madziwa Rural Hospital,ZW02070B,Shamva,Mashonaland Central
Madzimbashuro Rural Health Centre,ZW010103,Buhera,Manicaland
Madlangombe Clinic,ZW050629,Tsholotsho,Matabeleland North
Madlambudzi Clinic,ZW060228,Bulilima,Matabeleland South
Madimutsa Clinic,ZW030815,Mutoko,Mashonaland East
Madikani Clinic,ZW070327,Gweru,Midlands Province
Madhuko Clinic,ZW010329,Chipinge,Manicaland
Madabe Clinic,ZW060727,Mangwe,Matabeleland South
Machaya Rural Health Centre,ZW020203,Centenary,Mashonaland Central
Mabuze Rural Health Centre,ZW060404,Insiza,Matabeleland South
Maboleni Clinic,ZW070326,Gweru,Midlands Province
Mabelreign Clinic,ZW000A21,North Western,Harare
Mabee Rural Health Centre,ZW010307,Chipinge,Manicaland
Mabasa Clinic,ZW070726,Zvishavane,Midlands Province
Mabale Clinic,ZW050335,Hwange,Matabeleland North
Lynx Clinic,ZW040275,Hurungwe,Mashonaland West
Lynwood Clinic,ZW070103,Chirumhanzu,Midlands Province
Luveve Clinic,ZW090A06,Emakhandeni,Bulawayo
Lusulu Rural Health Centre,ZW050103,Binga,Matabeleland North
Lushongwe Clinic,ZW060333,Gwanda,Matabeleland South
Lupote Clinic,ZW050330,Hwange,Matabeleland North
Lupane Rural Heath Centre,ZW050406,Lupane,Matabeleland North
Lupane Prison,ZWdummy33,Lupane,Matabeleland North
Lupaka Clinic,ZW050407,Lupane,Matabeleland North
Lundi Rural Hospital,ZW07070B,Zvishavane,Midlands Province
Lundi Mission Clinic,ZW080692,Mwenezi,Masvingo
Lukunguni Clinic,ZW050391,Hwange,Matabeleland North
Lukosi Rural Hospital,ZW05030B,Hwange,Matabeleland North
Lukala Rural Health Centre,ZW050201,Bubi,Matabeleland North
Lubimbi Rural Health Centre,ZW050102,Binga,Matabeleland North
Lower Gweru Clinic,ZW070391,Gweru,Midlands Province
Lospen Farming Clinic,ZW040689,Zvimba,Mashonaland West
Little Kraal Clinic,ZWdummy32,Makoni,Manicaland
Lismore Clinic,ZW040177,Chegutu,Mashonaland West
Leekuil Takunda Clinic,ZW010521,Mutare,Manicaland
Lanlory Clinic,ZW040297,Hurungwe,Mashonaland West
Lanark Clinic,ZW030984,Seke,Mashonaland East
Lalapanzi Clinic,ZW070145,Chirumhanzu,Midlands Province
Lady Stanley Rural Hospital,ZW06020C,Bulilima,Matabeleland South
Lady Barring Rural Hospital,ZW06020B,Bulilima,Matabeleland South
Kwekwe ZRP Camp Clinic,ZW070487,Kwekwe,Midlands Province
Kwekwe ZPS Clinic,ZWdummy31,Kwekwe,Midlands Province
Kwekwe General Hospital,ZW07040A,Kwekwe,Midlands
Kuwadzana Satellite Clinic,ZWdummy30,Western,Harare
Kuwadzana RDC Clinic,ZW040644,Zvimba,Mashonaland West
Kutama RDC Clinic,ZW040643,Zvimba,Mashonaland West
Kumbudzi Clinic,ZW060601,Umzingwane,Matabeleland South
Krima Clinic,ZW070230,Gokwe South,Midlands Province
Kowo Clinic,ZW030898,Mutoko,Mashonaland East
Kotokwe Rural Health Centre,ZW070508,Mberengwa,Midlands Province
Kopera Rural Health Centre,ZW010306,Chipinge,Manicaland
Kombo Health Post,ZW060428,Insiza,Matabeleland South
Khosana Ranch RDCClinic,ZW040578,Makonde,Mashonaland West
Khami ZPS Clinic,ZW050722,Umguza,Matabeleland North
Khami Staff Hospital,ZWdummy29,Umguza,Matabeleland North
Khami Road Clinic,ZW090A05,Northern Suburbs,Bulawayo
Kezi Rural Hospital,ZW06050B,Matobo,Matabeleland South
Kenzamba Rural Health Centre,ZW040506,Makonde,Mashonaland West
Kenilworth Clinic,ZW050231,Bubi,Matabeleland North
Kemurara RDC Clinic,ZW040679,Zvimba,Mashonaland West
Kazangarare Clinic,ZW040227,Hurungwe,Mashonaland West
Kawere Rural Health Centre,ZW030805,Mutoko,Mashonaland East
Katsukunya Rural Health Centre,ZW030804,Mutoko,Mashonaland East
Katsenga Rural Health Centre,ZW010410,Makoni,Manicaland
Katiyo Clinic,ZW010667,Mutasa,Manicaland
Kasvisva RDC Clinic,ZW040463,Kariba,Mashonaland West
Kasimure Clinic,ZW040294,Hurungwe,Mashonaland West
Karuru RDC Clinic,ZW040295,Hurungwe,Mashonaland West
Karoi Static Clinic,ZWdummy28,Hurungwe,Mashonaland West
Karoi Prison Clinic,ZW040209,Hurungwe,Mashonaland West
Kariyangwe Mission Hospital,ZW05010C,Binga,Matabeleland North
Kapfunde Clinic,ZW040291,Hurungwe,Mashonaland West
Kapane Rural Health Centre,ZW050696,Tsholotsho,Matabeleland North
Kanyati Rural Health Centre,ZW040403,Kariba,Mashonaland West
Kanyandabu Clinic,ZW050405,Lupane,Matabeleland North
Kanyambizi Rural Health Centre,ZW050303,Hwange,Matabeleland North
Kanyaga Rural District Council Clinic,ZWdummy27,Makonde,Mashonaland West
Kana Mission Hospital,ZW07020C,Gokwe South,Midlands Province
Kamhonde Rural Health Centre,ZW040505,Makonde,Mashonaland West
Kambudzi Clinic,ZW010729,Nyanga,Manicaland
Kambarami Rural Health Centre,ZW030749,Murewa,Mashonaland East
Kahobo Clinic,ZW070229,Gokwe North,Midlands Province
Kafusi Clinic,ZW060326,Gwanda,Matabeleland South
Kadoma ZRP Camp Clinic,ZWdummy26,Sanyati,Mashonaland West
Kadoma ZPS Clinic,ZW040307,Sanyati,Mashonaland West
Junction Gate Clinic,ZW010348,Chipinge,Manicaland
Jotsholo Clinic,ZW050426,Lupane,Matabeleland North
Jondale Bumbe Rural Health Centre,ZW040306,Mhondoro,Mashonaland West
Jompani Rural Health Centre,ZW040305,Sanyati,Mashonaland West
Jombe Clinic,ZW010697,Mutasa,Manicaland
Jobolinko Clinic,ZW070645,Shurugwi,Midlands Province
Jiri/ndoza Clinic,ZW070228,Gokwe South,Midlands Province
Jimila Clinic,ZW050628,Tsholotsho,Matabeleland North
Jichidza Mission Clinic,ZW080791,Zaka,Masvingo
Jichidza Clinic,ZW080732,Zaka,Masvingo
Jessie Clinic,ZW060379,Gwanda,Matabeleland South
Jersey Clinic,ZW010364,Chipinge,Manicaland
Jerera Satellite Clinic,ZW080739,Zaka,Masvingo
Jari RDC Clinic,ZW040627,Zvimba,Mashonaland West
Jambezi Rural Health Centre,ZW050302,Hwange,Matabeleland North
Jairosi Jiri Clinic,ZW040381,Sanyati,Mashonaland West
Jahana Clinic,ZW070219,Gokwe South,Midlands Province
Ivene Clinic,ZW070366,Gweru,Midlands
Isabella Mine Clinic,ZW050256,Bubi,Matabeleland North
Irrisvale Clinic,ZW060632,Umzingwane,Matabeleland South
Inyathi District Hospital,ZW05020A,Bubi,Matabeleland North
Insiza Rural Health Centre,ZW060403,Insiza,Matabeleland South
Inkomo ZNA Camp Hospital,ZW040681,Zvimba,Mashonaland West
Ingwizi Rural Health Centre,ZW060703,Mangwe,Matabeleland South
Ingezi Clinic,ZW070535,Mberengwa,Midlands Province
Ingagula Clinic,ZW050360,Hwange,Matabeleland North
Induna ZNA Clinic,ZW050797,Umguza,Matabeleland North
Imbizo Barracks ZNA  Hospital,ZW050765,Umguza,Matabeleland North
Imbeza Clinic,ZW010670,Mutasa,Manicaland
Imbahuru Clinic,ZW070532,Mberengwa,Midlands Province
Igusi Rural Health Centre,ZW050703,Umguza,Matabeleland North
Hwata Clinic,ZW020225,Centenary,Mashonaland Central
Hwange Colliery Hospital,ZW05030D,Hwange,Matabeleland North
Hwakwata Clinic,ZW010327,Chipinge,Manicaland
Huwana Rural Health Centre,ZW060202,Bulilima,Matabeleland South
Hurungwe ZRP Camp Clinic,ZWDUMMY,Hurungwe,Mashonaland West
Huchu Clinic,ZWdummy24,Gokwe South,Midlands Province
Hozvi Clinic,ZW080126,Bikita,Masvingo
Hoya Rural Health Centre,ZW020202,Centenary,Mashonaland Central
How Mine Clinic,ZW060676,Umzingwane,Matabeleland South
Honde Mission Clinic,ZW010692,Mutasa,Manicaland
Homestead Rural Health Centre,ZW060503,Matobo,Matabeleland South
Homedale Clinic,ZW040178,Chegutu,Mashonaland West
Hombwe RDC Clinic,ZW040525,Makonde,Mashonaland West
Holy Cross Mission Hospital,ZW07010D,Chirumhanzu,Midlands Province
Hippo Valley Estates Clinic,ZW08020C,Chiredzi,Masvingo
Hingwe Rural Health Centre,ZW060220,Bulilima,Matabeleland South
Highlands FHS Clinic,ZW000A52,Northern,Harare
Hesketh Clinic,ZW040246,Hurungwe,Mashonaland West
Helwin Clinic,ZW040245,Hurungwe,Mashonaland West
Headlands Clinic,ZW010440,Makoni,Manicaland
Hauna Clinic,ZW010627,Mutasa,Manicaland
Hatfield PC Clinic,ZW000A44,Harare Central South Eastern,Harare
Hatcliffe Polyclinic,ZW000A17,Northern,Harare
Haparari Clinic,ZW010665,Mutasa,Manicaland
Hanke Clinic,ZW070691,Shurugwi,Midlands Province
Hama Clinic,ZW070126,Chirumhanzu,Midlands Province
Gweru ZRP Camp Clinic,ZW070316,Gweru,Midlands Province
Gweru NRZ Clinic,ZW070385,Gweru,Midlands
Gweru Child Welfare Clinic,ZWdummy23,Gweru,Midlands
Gwenzi Clinic,ZW010390,Chipinge,Manicaland
Gwelutshena Clinic,ZW050533,Nkayi,Matabeleland North
Gwebi Rural Health Centre,ZW040602,Zvimba,Mashonaland West
Gwatemba Rural Health Centre,ZW060402,Insiza,Matabeleland South
Gwanyika Rural Health Centre,ZW070201,Gokwe South,Midlands Province
Gwanda ZRP Camp Clinic,ZW060307,Gwanda,Matabeleland South
Gwanda ZPS Clinic,ZW060304,Gwanda,Matabeleland South
Gwanda Provincial Hospital,ZW06030A,Gwanda,Matabeleland South
Gwaai Rural Health Centre,ZW050492,Lupane,Matabeleland North
Guwe Clinic,ZW050532,Nkayi,Matabeleland North
Guwa Rural Health Centre,ZW080540,Masvingo,Masvingo
Gutu Rural Hospital,ZW08040A,Gutu,Masvingo
Gutu Mission Hospital,ZW08040E,Gutu,Masvingo
Gutaurare Rural Health Centre,ZW010504,Mutare,Manicaland
Guta Clinic,ZW010626,Mutasa,Manicaland
Guruve ZRP Clinic,ZW020336,Guruve,Mashonaland Central
Guruve ZPS Clinic,ZWdummy22,Guruve,Mashonaland Central
Guramatunhu Clinic,ZW070106,Chirumhanzu,Midlands Province
Gurajena Rural Health Centre,ZW080541,Masvingo,Masvingo
Gunura Clinic,ZW010132,Buhera,Manicaland
Guni RHC,ZWdummy21,Gutu,Masvingo
Gungwe Clinic,ZW060301,Gwanda,Matabeleland South
Gundura Clinic,ZW080527,Masvingo,Masvingo
Gunde Rural Health Centre,ZW070301,Gweru,Midlands Province
Gumira Clinic,ZW010326,Chipinge,Manicaland
Gulati Clinic,ZW060581,Matobo,Matabeleland South
Gudyanga Clinic,ZW010229,Chimanimani,Manicaland
Gudubu Rural Health Centre,ZW040512,Makonde,Mashonaland West
Gudo Clinic,ZW070725,Zvishavane,Midlands Province
Groobi Spring Rural Health Centre,ZW010407,Makoni,Manicaland
Greendale FHS Clinic,ZW000A15,Eastern,Harare
Green Valley RDC Clinic,ZW040581,Makonde,Mashonaland West
Great Zimbabwe University Clinic,ZW080514,Masvingo,Masvingo
Gozi Rural Health Centre,ZW030603,Mudzi,Mashonaland East
Gowakowa Rural Health Centre,ZW010409,Makoni,Manicaland
Gotora/Skimpton Clinic,ZW030406,Hwedza,Mashonaland East
Gotekote Rural Health Centre,ZW010705,Nyanga,Manicaland
Goso Rural Health Centre,ZW030772,Murewa,Mashonaland East
Goromonzi ZPS Clinic,ZWdummy20,Goromonzi,Mashonaland East
Goromonzi High School Clinic,ZW030205,Goromonzi,Mashonaland East
Gora Rural Health Centre,ZW040102,Chegutu,Mashonaland West
Goora Rural Health Centre,ZW020704,Shamva,Mashonaland Central
Goneso Rural Health Centre,ZW030402,Hwedza,Mashonaland East
Gomoza Rural Health Centre,ZW050404,Lupane,Matabeleland North
Gomora Clinic,ZW070488,Kwekwe,Midlands Province
Gombe Clinic,ZW010133,Buhera,Manicaland
Golden Valley Mine Clinic,ZW040377,Sanyati,Mashonaland West
Gokwe Prison Clinic,ZWdummy18,Gokwe South,Midlands Province
Gokwe North District Hospital,ZW07020A,Gokwe north,Midlands
Gokwe District Hospital,ZW07080A,Gokwe south,Midlands
Gokomere Mission Clinic,ZW08050E,Masvingo,Masvingo
Godzi RDC Clinic,ZW040509,Makonde,Mashonaland West
Globe and Phoenix Clinic,ZW070451,Kwekwe,Midlands Province
Glen View Polyclinic,ZW000A13,West South West,Harare
Glen Norah Satellite Clinic,ZW000A11,South Western,Harare
Gezani Clinic,ZW080206,Chiredzi,Masvingo
George Silundika Clinic,ZW050781,Umguza,Matabeleland North
Gawa Clinic,ZW070226,Gokwe South,Midlands Province
Gavhunga Clinic,ZWdummy17,Mhondoro,Mashonaland West
Gava Rural Health Centre,ZW080135,Bikita,Masvingo
Gatsi Mission Clinic,ZW010691,Mutasa,Manicaland
Gaths Mine Hospital,ZW08050F,Masvingo,Masvingo
Garanyemba Clinic,ZW060331,Gwanda,Matabeleland South
Garamwera Clinic,ZW010118,Buhera,Manicaland
Gangare Rural Health Centre,ZW080134,Bikita,Masvingo
Gamanya RDC clinic,ZW040585,Makonde,Mashonaland West
Gairezi Rural Health Centre,ZW010704,Nyanga,Manicaland
Gaika Clinic,ZW070481,Kwekwe,Midlands Province
Gaha Clinic,ZWdummy15,Mberengwa,Midlands Province
Gache-Gache Rural Health Centre,ZW040402,Kariba,Mashonaland West
G & N Clinic,ZW080683,Mwenezi,Masvingo
Fuve Clinic,ZW080730,Zaka,Masvingo
Freda Rebecca Gold Mine Clinic,ZW020175,Bindura,Mashonaland Central
Foothills Clinic,ZW020178,Bindura,Mashonaland Central
Fombe Rural Health Centre,ZW010703,Nyanga,Manicaland
Florida Clinic,ZW010565,Mu,Manicaland
Fingo Clinic,ZW050726,Umguza,Matabeleland North
Filabusi District Hospital,ZW06040A,Insiza,Matabeleland South
Faversham Clinic,ZW080211,Chiredzi,Masvingo
Fatima Mission Clinic,ZW050491,Lupane,Matabeleland North
Fanisoni Clinic,ZW050525,Nkayi,Matabeleland North
Fairbridge ZRP Camp Clinic,ZW050752,Umguza,Matabeleland North
Exchange Clinic,ZW070426,Kwekwe,Midlands Province
Evlington Mine Clinic,ZW040176,Chegutu,Mashonaland West
Esigodini District Hospital,ZW06060A,Umzingwane,Matabeleland South
Esibomvu Clinc,ZW060625,Umzingwane,Matabeleland South
Erin Forest Estate Clinic,ZW010763,Nyanga,Manicaland
Era Mine Clinic,ZW010437,Makoni,Manicaland
Entumbane Clinic,ZW090A04,Northern Suburbs,Bulawayo
Empumalanga Clinic,ZW050361,Hwange,Matabeleland North
Empandeni Clinic,ZW060792,Mangwe,Matabeleland South
Embakwe Mission Hospital,ZW06070E,Mangwe,Matabeleland South
Emakhandeni Clinic,ZW090A01,Emakhandeni,Bulawayo
Elim Mission Hospital,ZW01070C,Nyanga,Manicaland
Ekukhanyeni Rural Health Centre,ZW060505,Matobo,Matabeleland South
Eastlea FHS Clinic,ZW000A10,Eastern,Harare
Eastern Highlands Plantations Clinic,ZW010664,Mutasa,Manicaland
E.F Watson Clinic,ZW090A03,Northern Suburbs,Bulawayo
Dumisa Clinic,ZW080228,Chiredzi,Masvingo
Dumbabwe Clinic,ZW010429,Makoni,Manicaland
Dulibadzimu Clinic,ZW060126,Beitbridge,Matabeleland South
Driefontein Mission TB Hospital,ZW07010C,Chirumhanzu,Midlands Province
Drenane Clinic,ZW010669,Mutasa,Manicaland
Dr Shennan Clinic,ZW090A14,Nkulumane,Bulawayo
Dowa Clinic,ZW010428,Makoni,Manicaland
Dorset Rural Health Centre,ZW070698,Shurugwi,Midlands Province
Dorowa Clinic,ZW010175,Buhera,Manicaland
Doro Clinic,ZW040299,Hurungwe,Mashonaland West
Dora Clinic,ZW010541,Mutare,Manicaland
Donjuan Clinic,ZW070425,Kwekwe,Midlands Province
Dongamuzi Rural Health Centre,ZW050403,Lupane,Matabeleland North
Dondoshava Rural Health Centre,ZW040302,Mhondoro,Mashonaland West
Donain Clinic,ZW040303,Mhondoro,Mashonaland West
Dombwe Rural Health Centre (Murewa),ZW030726,Murewa,Mashonaland East
Dombodema Clinic,ZW060225,Bulilima,Matabeleland South
Doma RDC Clinic,ZW040545,Makonde,Mashonaland West
Dlamini Clinic,ZW050626,Tsholotsho,Matabeleland North
Dite Rural Health Centre,ZW060103,Beitbridge,Matabeleland South
Dingumuzi Clinic,ZW060745,Mangwe,Matabeleland South
Dhavata Rural Health Centre,ZW080205,Chiredzi,Masvingo
Dewure Clinic,ZW080427,Gutu,Masvingo
Dewure 2 Rural Health Centre,ZW080103,Bikita,Masvingo
Dewure 1 Rural Health Centre,ZW080102,Bikita,Masvingo
Deve Clinic,ZW040203,Hurungwe,Mashonaland West
Dete Clinic,ZW050326,Hwange,Matabeleland North
Derbyshire Clinic,ZW030983,Seke,Mashonaland East
Denhere Clinic,ZW080426,Gutu,Masvingo
Dendera Rural Health Centre,ZW070401,Kwekwe,Midlands Province
Denda Clinic,ZW070291,Gokwe North,Midlands Province
Davira Clinic,ZW080326,Chivi,Masvingo
David Whitehead Clinic,ZW040151,Chegutu,Mashonaland West
Dambridge Clinic,ZWdummy14,Kwekwe,Midlands Province
Dambara Clinic,ZW080437,Gutu,Masvingo
Dambakurima Clinic,ZW020226,Centenary,Mashonaland Central
Damarakanaka Clinic,ZW080291,Chiredzi,Masvingo
Dakamela Rural Hospital,ZW05050B,Nkayi,Matabeleland North
Dabuka Clinic,ZW070381,Gweru,Midlands
Cyrene Mission Clinic,ZW060594,Matobo,Matabeleland South
Crest Breeders Clinic,ZW040682,Zvimba,Mashonaland West
Cranborne Clinic,ZW030246,Goromonzi,Mashonaland East
Cowdray Park Clinic,ZW090A27,Emakhandeni,Bulawayo
Connemara Prison Clinic,ZW070313,Gweru,Midlands Province
Colliery Number 5 Clinic,ZW050396,Hwange,Matabeleland North
Colliery Number 3 Clinic,ZW050395,Hwange,Matabeleland North
Colliery Number 2 Clinic,ZW050394,Hwange,Matabeleland North
Colliery Number 1 North Clinic,ZW050393,Hwange,Matabeleland North
Colliery Number 1 Clinic,ZW050392,Hwange,Matabeleland North
Colleen Bawn Clinic,ZW060377,Gwanda,Matabeleland South
Colin Saunders Hospital,ZW08020D,Chiredzi,Masvingo
Clear Water Clinic,ZW010362,Chipinge,Manicaland
Claremont Clinic,ZW010792,Nyanga,Manicaland
City Clinic,ZW010561,Mu,Manicaland
Chunga Clinic,ZW050101,Binga,Matabeleland North
Chrome Mine Hospital,ZW07060C,Shurugwi,Midlands Province
Chompani Clinic,ZW080235,Chiredzi,Masvingo
Chizvirizvi Rural Health Centre,ZW080204,Chiredzi,Masvingo
Chizumba Rural Health Centre,ZW080603,Mwenezi,Masvingo
Chizhou Clinic,ZW070101,Chirumhanzu,Midlands Province
Chiwundura Clinic,ZW070325,Gweru,Midlands Province
Chiwore Rural Health Centre,ZW080434,Gutu,Masvingo
Chiwese Clinic,ZW010131,Buhera,Manicaland
Chiwere Clinic,ZW010508,Mutare,Manicaland
Chiwenga Clinic (Buhera),ZW010130,Buhera,Manicaland
Chiwarira Clinic,ZW010726,Nyanga,Manicaland
Chivi Mission Clinic,ZW080391,Chivi,Masvingo
Chivi District Hospital,ZW08030A,Chivi,Masvingo
Chivi District Hospital,ZW08030A,Chivi,Masvingo
Chivhu ZRP Camp Clinic,ZW030105,Chikomba,Mashonaland East
Chivhere Rural Health Centre,ZW040601,Zvimba,Mashonaland West
Chiveso Rural Health Centre,ZW020101,Bindura,Mashonaland Central
Chivero Clinic,ZW040126,Chegutu,Mashonaland West
Chivende Rural Health Centre,ZW040202,Hurungwe,Mashonaland West
Chitulipasi Rural Health Centre,ZW060102,Beitbridge,Matabeleland South
Chitsa Clinic,ZW080232,Chiredzi,Masvingo
Chitowa 2 Clinic,ZW030724,Murewa,Mashonaland East
NYAMPFUTA RHC,20350,Guruve,Mashonaland Central
CHIKURUBI MAXIMUM PRISON,NMRL050520,Harare,Harare
Parirenyatwa Hospital,PAR001,Harare,Harare
Tsakare Rural Health Centre,ZW020506,Mount Darwin,Mashonaland Central
Sally Mugabe Hospital (Harare Central Hospital),HRE002,Harare,Harare
Chitse Clinic,ZW020534,Mount Darwin,Mashonaland Central
Bepura Clinic,ZW020327,Guruve,Mashonaland Central
Kaitano Rural Health Centre,ZW020526,Mount Darwin,Mashonaland Central
Mount Darwin District Hospital,ZW02050A,Mt darwin,Mashonaland Central
Pachanza Clinic,ZW020528,Mount Darwin,Mashonaland Central
Chipuriro Clinic,ZW020329,Guruve,Mashonaland Central
Chikanga Clinic,ZW010562,Mu,Manicaland
Mutare Infectious Diseases Hospital,ZW01050B,Mutare,Manicaland
Kunaka Hospital,ZW03090B,Seke,Mashonaland East
Igava Clinic,ZW030545,Marondera,Mashonaland East
Matsvitsi Clinic,ZW020333,Guruve,Mashonaland Central
Mushumbi RHC,ZW020803,Mbire,Mashonaland Central
Idube Clinic,ZW030407,Hwedza,Mashonaland East
Nyava Clinic,ZW020126,Bindura,Mashonaland Central
Kubatsirana Clinic,ZW030248,Goromonzi,Mashonaland East
Muskwe Clinic,ZW030337,Uzumba Maramba Pfungwe,Mashonaland East
Epworth Poly Clinic,ZW030926,Seke,Mashonaland East
Rutope Clinic,ZW020182,Bindura,Mashonaland Central
Kuwirirana Clinic,ZW070231,Gokwe North,Midlands Province
David Nelson Clinic,ZW020245,Centenary,Mashonaland Central
Chikuhwa Clinic,ZW030326,Uzumba Maramba Pfungwe,Mashonaland East
Karimbika Rural Health Centre,ZW030302,Uzumba Maramba Pfungwe,Mashonaland East
St Alberts Mission Hospital,ZW02020A,Centenary,Mashonaland Central
Madzivazvido Rural Health Centre,ZW070203,Gokwe North,Midlands Province
Norah Rural Health Centre,ZW070207,Gokwe North,Midlands Province
Mutawatawa District Hospital,ZW03030A,Ump,Mashonaland East
Nhowe Mission Hospital,ZW03070C,Murewa,Mashonaland East
Jeka Rural Hospital,ZW07050B,Mberengwa,Midlands Province
Katanya Clinic,ZW020125,Bindura,Mashonaland Central
Tshabalala Clinic,ZW090A02,Nkulumane,Bulawayo
Chiburi Rural Health Centre,ZW020509,Mount Darwin,Mashonaland Central
Chawanda Rural Health Centre,ZW020525,Mt darwin,Mashonaland Central
Bandimba Rural Health Centre,ZW020533,Mount Darwin,Mashonaland Central
GLAMORGAN CLINIC,ZW020187,Bindura,Mashonaland Central
Bindura ZRP Camp Clinic,ZW020105,Bindura,Mashonaland Central
Manhenga Clinic,ZW020146,Bindura,Mashonaland Central
Bindura Provincial Hospital,ZW02010A,Bindura,Mashonaland Central
CHAKA CLINIC,07010E,Chirumhanzu,Midlands
Chivi Rural Hospital,ZW08030B,Chivi,Masvingo
Marondera ZPCS,NMRL0000069,Marondera,Mashonaland East
BEUGEST CLINIC,NMRL100,Hurungwe,Mashonaland West
Kandeya Clinic,Zw020538,Mt darwin,Mashonaland Central
"Chiwenga clinic (Centenary, Mash. Central)",ZW020210,Centenary,Mashonaland Central
Sango Clinic,ZW030408,Hwedza,Mashonaland East
Kondo Clinic,ZW010328,Chipinge,Manicaland
United Bulawayo Hospitals,ZW090C0C,Bulawayo,Bulawayo
Dandanda Rural Health Centre,ZW050402,Lupane,Matabeleland North
Gumunyu Clinic,ZW070227,Gokwe North,Midlands Province
Ceshhar YMM Study 2019,NMRL052019,Harare,Harare
WHEELERDALE - SEKE,NMRL041221,Seke,Mashonaland East
Always Clinic,ZW020209,Centenary,Mashonaland Central
SESAME CLINIC,70296,Gokwe south,Midlands
BATTLEFIELDS RDC CLINIC,ZW0040526,Mhondoro,Mashonaland West
Sandringham Clinic,ZW040148,Chegutu,Mashonaland West
Matututu Clinic,ZW030731,Murewa,Mashonaland East
Wanezi Mission Hospital,ZW06040D,Insiza,Matabeleland South
Kawazva Clinic,ZW030899,Mutoko,Mashonaland East
Chiadzwa Rural Health Centre,ZW010502,Mutare,Manicaland
Kabanga Rural Health Centre,ZW070302,Gweru,Midlands Province
Gundura Clinic,ZW070626,Shurugwi,Midlands Province
GWESHE CLINIC,40300,Mhondoro,Mashonaland West
Nyaradza Clinic,70332,Gokwe south,Midlands
Njiva RHC,ZW080743,Zaka,Masvingo
Corporate24,NTBRL01,Bulawayo,Bulawayo
Msengezi Rural Health Centre,ZW040105,Chegutu,Mashonaland West
Ngungumbane Clinic,ZW070536,Mberengwa,Midlands Province
Mufudziwakanaka Rural Health Centre,ZW030101,Chikomba,Mashonaland East
Rutanhira Clinic,ZW030134,Chikomba,Mashonaland East
Garaba Rural Health Centre,ZW030401,Hwedza,Mashonaland East
Nyameni Clinic,ZW030562,Marondera,Mashonaland East
Shinga Clinic - Mudzi,Zw030007,Mudzi,Mashonaland East
Chimukoko Rural Health Centre,ZW030601,Mudzi,Mashonaland East
Tsungai Rural Health Centre,ZW070210,Gokwe North,Midlands Province
Vutsanana Clinic,ZW070541,Mberengwa,Midlands Province
Chiwaridzo Clinic,ZW020163,Bindura,Mashonaland Central
Chimandau Rural Health Centre,ZW020607,Rushinga,Mashonaland Central
Chitowa 1 Clinic,ZW030723,Murewa,Mashonaland East
Manyene Clinic (Chambara Clinic),ZW030128,Chikomba,Mashonaland East
Lancashire Clinic,ZW030147,Chikomba,Mashonaland East
Chiriseri Clinic,ZW020145,Bindura,Mashonaland Central
Sally Mugabe Hospital (Harare Central Hospital),HRE002,Harare,Harare
2 REF HOSPITAL JMT BARRACKS,NMRL270620,Harare,Harare
GLENLUCE,ZW040140,Chegutu,Mashonaland West
Mashambanhaka Clinic,ZW030332,Uzumba Maramba Pfungwe,Mashonaland East
Bvochora Rural Health Centre,ZW020301,Guruve,Mashonaland Central
Ringa Rural Health Centre,ZW030904,Seke,Mashonaland East
Musengezi Clinic,ZW020832,Mbire,Mashonaland Central
Gwanika RHC,ZW070801,Gokwe south,Midlands
mutevere,zw0301,Chikomba,Mashonaland East
Chingombe Rural Hospital,ZW08040F,Gutu,Masvingo
Chipinge District Hospital,CHIP001,Chipinge,Manicaland
Citimed,NMRL2020007,Chitungwiza,Harare
Howard Mission Hospital,ZW02040C,Mazowe,Mashonaland Central
Masoka Clinic,ZW020801,Mbire,Mashonaland Central
Chapoto Clinic,ZW020820,Mbire,Mashonaland Central
Angwa Clinic,ZW020821,Mbire,Mashonaland Central
Gonono Clinic,ZW020831,Mbire,Mashonaland Central
Musengezi Clinic,ZW020832,Mbire,Mashonaland Central
Chirunya Clinic,ZW020834,Guruve,Mashonaland Central
Nyambudzi Clinic,ZW020835,Mbire,Mashonaland Central
Craiglea Clinic,ZW030730,Murewa,Mashonaland East
Battlefields ZNA Camp Clinic,ZW04030E,Mhondoro,Mashonaland West
Beitbridge District Hospital,ZW06010A,Beitbridge,Matabeleland South
Chiredzi General Hospital,ZW08020A,Chiredzi,Masvingo
Whahwa Prison Dependents Clinic,ZWdummy79,Gweru,Midlands Province
Odzi Clinic,ZW010538,Mutare,Manicaland
